<?xml version="1.0" encoding="UTF-8"?>
<export version="D">
  <design>
    <source>C:\Users\shayn\OneDrive\Desktop\Capstone\final scheme ver2\FinalSchemeV2.sch</source>
    <date>2/09/2020 11:14:57 AM</date>
    <tool>Eeschema (5.1.5)-3</tool>
    <sheet number="1" name="/" tstamps="/">
      <title_block>
        <title/>
        <company/>
        <rev/>
        <date/>
        <source>FinalSchemeV2.sch</source>
        <comment number="1" value=""/>
        <comment number="2" value=""/>
        <comment number="3" value=""/>
        <comment number="4" value=""/>
      </title_block>
    </sheet>
    <sheet number="2" name="/Power_MCU/" tstamps="/5F40795D/">
      <title_block>
        <title/>
        <company/>
        <rev/>
        <date/>
        <source>SchV4.sch</source>
        <comment number="1" value=""/>
        <comment number="2" value=""/>
        <comment number="3" value=""/>
        <comment number="4" value=""/>
      </title_block>
    </sheet>
  </design>
  <components>
    <comp ref="C41">
      <value>10uF</value>
      <footprint>final scheme ver2:GRM188R60J106ME84D</footprint>
      <datasheet>https://www.murata.com/~/media/webrenewal/support/library/catalog/products/capacitor/mlcc/c02e.ashx?la=en-us</datasheet>
      <fields>
        <field name="PartNo">GRM188R60J106ME84D</field>
      </fields>
      <libsource lib="Device" part="C_Small" description="Unpolarized capacitor, small symbol"/>
      <sheetpath names="/" tstamps="/"/>
      <tstamp>5F4ED2DE</tstamp>
    </comp>
    <comp ref="C42">
      <value>0.1uF</value>
      <footprint>final scheme ver2:CAPC1608X90</footprint>
      <datasheet>~</datasheet>
      <fields>
        <field name="PartNo">C0603C104M5RACTU</field>
      </fields>
      <libsource lib="Device" part="C_Small" description="Unpolarized capacitor, small symbol"/>
      <sheetpath names="/" tstamps="/"/>
      <tstamp>5F4ED2EB</tstamp>
    </comp>
    <comp ref="C39">
      <value>1uF</value>
      <footprint>final scheme ver2:CAPC1608X90</footprint>
      <datasheet>~</datasheet>
      <fields>
        <field name="PartNo">CC0603KRX5R8BB105</field>
      </fields>
      <libsource lib="Device" part="C_Small" description="Unpolarized capacitor, small symbol"/>
      <sheetpath names="/" tstamps="/"/>
      <tstamp>5F4ED312</tstamp>
    </comp>
    <comp ref="C40">
      <value>0.1uF</value>
      <footprint>final scheme ver2:CAPC1608X90</footprint>
      <datasheet>~</datasheet>
      <fields>
        <field name="PartNo">C0603C104M5RACTU</field>
      </fields>
      <libsource lib="Device" part="C_Small" description="Unpolarized capacitor, small symbol"/>
      <sheetpath names="/" tstamps="/"/>
      <tstamp>5F4ED31E</tstamp>
    </comp>
    <comp ref="C17">
      <value>0.1uF</value>
      <footprint>final scheme ver2:CAPC1608X90</footprint>
      <datasheet>~</datasheet>
      <fields>
        <field name="PartNo">C0603C104M5RACTU</field>
      </fields>
      <libsource lib="Device" part="C_Small" description="Unpolarized capacitor, small symbol"/>
      <sheetpath names="/" tstamps="/"/>
      <tstamp>5F3F54EE</tstamp>
    </comp>
    <comp ref="C16">
      <value>0.1uF</value>
      <footprint>final scheme ver2:CAPC1608X90</footprint>
      <datasheet>~</datasheet>
      <fields>
        <field name="PartNo">C0603C104M5RACTU</field>
      </fields>
      <libsource lib="Device" part="C_Small" description="Unpolarized capacitor, small symbol"/>
      <sheetpath names="/" tstamps="/"/>
      <tstamp>5F3E089C</tstamp>
    </comp>
    <comp ref="R6">
      <value>10k</value>
      <footprint>final scheme ver2:10kr</footprint>
      <datasheet>~</datasheet>
      <fields>
        <field name="PartNo">0402</field>
      </fields>
      <libsource lib="Device" part="R_Small_US" description="Resistor, small US symbol"/>
      <sheetpath names="/" tstamps="/"/>
      <tstamp>5F34D432</tstamp>
    </comp>
    <comp ref="X1">
      <value>SG-3030CM</value>
      <footprint>Oscillator:Oscillator_SMD_SeikoEpson_SG3030CM</footprint>
      <datasheet>https://support.epson.biz/td/api/doc_check.php?mode=dl&amp;lang=en&amp;Parts=SG-3030CM</datasheet>
      <fields>
        <field name="PartNo">SG-3030CM</field>
      </fields>
      <libsource lib="Oscillator" part="SG-3030CM" description="32.768kHz Crystal Oscillator (SPXO)"/>
      <sheetpath names="/" tstamps="/"/>
      <tstamp>5F364682</tstamp>
    </comp>
    <comp ref="C15">
      <value>0.1uF</value>
      <footprint>final scheme ver2:CAPC1608X90</footprint>
      <datasheet>~</datasheet>
      <fields>
        <field name="PartNo">C0603C104M5RACTU</field>
      </fields>
      <libsource lib="Device" part="C_Small" description="Unpolarized capacitor, small symbol"/>
      <sheetpath names="/" tstamps="/"/>
      <tstamp>5F41CC83</tstamp>
    </comp>
    <comp ref="C14">
      <value>10uF</value>
      <footprint>final scheme ver2:GRM188R60J106ME84D</footprint>
      <datasheet>https://www.murata.com/~/media/webrenewal/support/library/catalog/products/capacitor/mlcc/c02e.ashx?la=en-us</datasheet>
      <fields>
        <field name="PartNo">GRM188R60J106ME84D</field>
      </fields>
      <libsource lib="Device" part="CP1_Small" description="Polarized capacitor, small US symbol"/>
      <sheetpath names="/" tstamps="/"/>
      <tstamp>5F41CC8C</tstamp>
    </comp>
    <comp ref="C13">
      <value>0.1uF</value>
      <footprint>final scheme ver2:CAPC1608X90</footprint>
      <datasheet>~</datasheet>
      <fields>
        <field name="PartNo">C0603C104M5RACTU</field>
      </fields>
      <libsource lib="Device" part="C_Small" description="Unpolarized capacitor, small symbol"/>
      <sheetpath names="/" tstamps="/"/>
      <tstamp>5F41F6C9</tstamp>
    </comp>
    <comp ref="C12">
      <value>10uF</value>
      <footprint>final scheme ver2:GRM188R60J106ME84D</footprint>
      <datasheet>https://www.murata.com/~/media/webrenewal/support/library/catalog/products/capacitor/mlcc/c02e.ashx?la=en-us</datasheet>
      <fields>
        <field name="PartNo">GRM188R60J106ME84D</field>
      </fields>
      <libsource lib="Device" part="CP1_Small" description="Polarized capacitor, small US symbol"/>
      <sheetpath names="/" tstamps="/"/>
      <tstamp>5F41F6D2</tstamp>
    </comp>
    <comp ref="FB1">
      <value>600Ohm@100MHz</value>
      <footprint>final scheme ver2:MH1608-601Y</footprint>
      <datasheet>~</datasheet>
      <fields>
        <field name="PartNo">MH1608-601Y</field>
      </fields>
      <libsource lib="Device" part="Ferrite_Bead_Small" description="Ferrite bead, small symbol"/>
      <sheetpath names="/" tstamps="/"/>
      <tstamp>5F43BEB2</tstamp>
    </comp>
    <comp ref="R5">
      <value>1.6</value>
      <footprint>final scheme ver2:1.6r</footprint>
      <datasheet>~</datasheet>
      <fields>
        <field name="PartNo">0603</field>
      </fields>
      <libsource lib="Device" part="R_Small_US" description="Resistor, small US symbol"/>
      <sheetpath names="/" tstamps="/"/>
      <tstamp>5F43EF3C</tstamp>
    </comp>
    <comp ref="R15">
      <value>10k</value>
      <footprint>final scheme ver2:10kr</footprint>
      <datasheet>~</datasheet>
      <fields>
        <field name="PartNo">0603</field>
      </fields>
      <libsource lib="Device" part="R_Small_US" description="Resistor, small US symbol"/>
      <sheetpath names="/" tstamps="/"/>
      <tstamp>5F6F5458</tstamp>
    </comp>
    <comp ref="R16">
      <value>10k</value>
      <footprint>final scheme ver2:10kr</footprint>
      <datasheet>~</datasheet>
      <fields>
        <field name="PartNo">0603</field>
      </fields>
      <libsource lib="Device" part="R_Small_US" description="Resistor, small US symbol"/>
      <sheetpath names="/" tstamps="/"/>
      <tstamp>5F6F5447</tstamp>
    </comp>
    <comp ref="R18">
      <value>10k</value>
      <footprint>final scheme ver2:10kr</footprint>
      <datasheet>~</datasheet>
      <fields>
        <field name="PartNo">0603</field>
      </fields>
      <libsource lib="Device" part="R_Small_US" description="Resistor, small US symbol"/>
      <sheetpath names="/" tstamps="/"/>
      <tstamp>5F6F5436</tstamp>
    </comp>
    <comp ref="R17">
      <value>10k</value>
      <footprint>final scheme ver2:10kr</footprint>
      <datasheet>~</datasheet>
      <fields>
        <field name="PartNo">0603</field>
      </fields>
      <libsource lib="Device" part="R_Small_US" description="Resistor, small US symbol"/>
      <sheetpath names="/" tstamps="/"/>
      <tstamp>5F6F542A</tstamp>
    </comp>
    <comp ref="C34">
      <value>0.01uF</value>
      <footprint>final scheme ver2:C0805C103J5RAC7210</footprint>
      <datasheet>~</datasheet>
      <fields>
        <field name="PartNo">C0805C103J5RAC7210</field>
      </fields>
      <libsource lib="Device" part="C_Small" description="Unpolarized capacitor, small symbol"/>
      <sheetpath names="/" tstamps="/"/>
      <tstamp>5F6F5408</tstamp>
    </comp>
    <comp ref="C31">
      <value>0.1uF</value>
      <footprint>final scheme ver2:CAPC1608X90</footprint>
      <datasheet>~</datasheet>
      <fields>
        <field name="PartNo">C0603C104M5RACTU</field>
      </fields>
      <libsource lib="Device" part="C_Small" description="Unpolarized capacitor, small symbol"/>
      <sheetpath names="/" tstamps="/"/>
      <tstamp>5F6F53FD</tstamp>
    </comp>
    <comp ref="C30">
      <value>10uF</value>
      <footprint>final scheme ver2:GRM188R60J106ME84D</footprint>
      <datasheet>https://www.murata.com/~/media/webrenewal/support/library/catalog/products/capacitor/mlcc/c02e.ashx?la=en-us</datasheet>
      <fields>
        <field name="PartNo">GRM188R60J106ME84D</field>
      </fields>
      <libsource lib="Device" part="CP1_Small" description="Polarized capacitor, small US symbol"/>
      <sheetpath names="/" tstamps="/"/>
      <tstamp>5F6F53F4</tstamp>
    </comp>
    <comp ref="C33">
      <value>0.1uF</value>
      <footprint>final scheme ver2:CAPC1608X90</footprint>
      <datasheet>~</datasheet>
      <fields>
        <field name="PartNo">C0603C104M5RACTU</field>
      </fields>
      <libsource lib="Device" part="C_Small" description="Unpolarized capacitor, small symbol"/>
      <sheetpath names="/" tstamps="/"/>
      <tstamp>5F6F53E0</tstamp>
    </comp>
    <comp ref="C32">
      <value>10uF</value>
      <footprint>final scheme ver2:GRM188R60J106ME84D</footprint>
      <datasheet>https://www.murata.com/~/media/webrenewal/support/library/catalog/products/capacitor/mlcc/c02e.ashx?la=en-us</datasheet>
      <fields>
        <field name="PartNo">GRM188R60J106ME84D</field>
      </fields>
      <libsource lib="Device" part="CP1_Small" description="Polarized capacitor, small US symbol"/>
      <sheetpath names="/" tstamps="/"/>
      <tstamp>5F6F53D7</tstamp>
    </comp>
    <comp ref="C35">
      <value>0.1uF</value>
      <footprint>final scheme ver2:CAPC1608X90</footprint>
      <datasheet>~</datasheet>
      <fields>
        <field name="PartNo">C0603C104M5RACTU</field>
      </fields>
      <libsource lib="Device" part="C_Small" description="Unpolarized capacitor, small symbol"/>
      <sheetpath names="/" tstamps="/"/>
      <tstamp>5F6F53B5</tstamp>
    </comp>
    <comp ref="R11">
      <value>10k</value>
      <footprint>final scheme ver2:10kr</footprint>
      <datasheet>~</datasheet>
      <fields>
        <field name="PartNo">0603</field>
      </fields>
      <libsource lib="Device" part="R_Small_US" description="Resistor, small US symbol"/>
      <sheetpath names="/" tstamps="/"/>
      <tstamp>5F6D6D16</tstamp>
    </comp>
    <comp ref="R12">
      <value>10k</value>
      <footprint>final scheme ver2:10kr</footprint>
      <datasheet>~</datasheet>
      <fields>
        <field name="PartNo">0603</field>
      </fields>
      <libsource lib="Device" part="R_Small_US" description="Resistor, small US symbol"/>
      <sheetpath names="/" tstamps="/"/>
      <tstamp>5F6D6D05</tstamp>
    </comp>
    <comp ref="R14">
      <value>10k</value>
      <footprint>final scheme ver2:10kr</footprint>
      <datasheet>~</datasheet>
      <fields>
        <field name="PartNo">0603</field>
      </fields>
      <libsource lib="Device" part="R_Small_US" description="Resistor, small US symbol"/>
      <sheetpath names="/" tstamps="/"/>
      <tstamp>5F6D6CF4</tstamp>
    </comp>
    <comp ref="R13">
      <value>10k</value>
      <footprint>final scheme ver2:10kr</footprint>
      <datasheet>~</datasheet>
      <fields>
        <field name="PartNo">0603</field>
      </fields>
      <libsource lib="Device" part="R_Small_US" description="Resistor, small US symbol"/>
      <sheetpath names="/" tstamps="/"/>
      <tstamp>5F6D6CE8</tstamp>
    </comp>
    <comp ref="C28">
      <value>0.01uF</value>
      <footprint>final scheme ver2:C0805C103J5RAC7210</footprint>
      <datasheet>~</datasheet>
      <fields>
        <field name="PartNo">C0805C103J5RAC7210</field>
      </fields>
      <libsource lib="Device" part="C_Small" description="Unpolarized capacitor, small symbol"/>
      <sheetpath names="/" tstamps="/"/>
      <tstamp>5F6D6CC6</tstamp>
    </comp>
    <comp ref="C25">
      <value>0.1uF</value>
      <footprint>final scheme ver2:CAPC1608X90</footprint>
      <datasheet>~</datasheet>
      <fields>
        <field name="PartNo">C0603C104M5RACTU</field>
      </fields>
      <libsource lib="Device" part="C_Small" description="Unpolarized capacitor, small symbol"/>
      <sheetpath names="/" tstamps="/"/>
      <tstamp>5F6D6CBB</tstamp>
    </comp>
    <comp ref="C24">
      <value>10uF</value>
      <footprint>final scheme ver2:GRM188R60J106ME84D</footprint>
      <datasheet>https://www.murata.com/~/media/webrenewal/support/library/catalog/products/capacitor/mlcc/c02e.ashx?la=en-us</datasheet>
      <fields>
        <field name="PartNo">GRM188R60J106ME84D</field>
      </fields>
      <libsource lib="Device" part="CP1_Small" description="Polarized capacitor, small US symbol"/>
      <sheetpath names="/" tstamps="/"/>
      <tstamp>5F6D6CB2</tstamp>
    </comp>
    <comp ref="C27">
      <value>0.1uF</value>
      <footprint>final scheme ver2:CAPC1608X90</footprint>
      <datasheet>~</datasheet>
      <fields>
        <field name="PartNo">C0603C104M5RACTU</field>
      </fields>
      <libsource lib="Device" part="C_Small" description="Unpolarized capacitor, small symbol"/>
      <sheetpath names="/" tstamps="/"/>
      <tstamp>5F6D6C9E</tstamp>
    </comp>
    <comp ref="C26">
      <value>10uF</value>
      <footprint>final scheme ver2:GRM188R60J106ME84D</footprint>
      <datasheet>https://www.murata.com/~/media/webrenewal/support/library/catalog/products/capacitor/mlcc/c02e.ashx?la=en-us</datasheet>
      <fields>
        <field name="PartNo">GRM188R60J106ME84D</field>
      </fields>
      <libsource lib="Device" part="CP1_Small" description="Polarized capacitor, small US symbol"/>
      <sheetpath names="/" tstamps="/"/>
      <tstamp>5F6D6C95</tstamp>
    </comp>
    <comp ref="C29">
      <value>0.1uF</value>
      <footprint>final scheme ver2:CAPC1608X90</footprint>
      <datasheet>~</datasheet>
      <fields>
        <field name="PartNo">C0603C104M5RACTU</field>
      </fields>
      <libsource lib="Device" part="C_Small" description="Unpolarized capacitor, small symbol"/>
      <sheetpath names="/" tstamps="/"/>
      <tstamp>5F6D6C73</tstamp>
    </comp>
    <comp ref="R7">
      <value>10k</value>
      <footprint>final scheme ver2:10kr</footprint>
      <datasheet>~</datasheet>
      <fields>
        <field name="PartNo">0603</field>
      </fields>
      <libsource lib="Device" part="R_Small_US" description="Resistor, small US symbol"/>
      <sheetpath names="/" tstamps="/"/>
      <tstamp>5F34385F</tstamp>
    </comp>
    <comp ref="R8">
      <value>10k</value>
      <footprint>final scheme ver2:10kr</footprint>
      <datasheet>~</datasheet>
      <fields>
        <field name="PartNo">0603</field>
      </fields>
      <libsource lib="Device" part="R_Small_US" description="Resistor, small US symbol"/>
      <sheetpath names="/" tstamps="/"/>
      <tstamp>5F3464D7</tstamp>
    </comp>
    <comp ref="R10">
      <value>10k</value>
      <footprint>final scheme ver2:10kr</footprint>
      <datasheet>~</datasheet>
      <fields>
        <field name="PartNo">0603</field>
      </fields>
      <libsource lib="Device" part="R_Small_US" description="Resistor, small US symbol"/>
      <sheetpath names="/" tstamps="/"/>
      <tstamp>5F34896E</tstamp>
    </comp>
    <comp ref="R9">
      <value>10k</value>
      <footprint>final scheme ver2:10kr</footprint>
      <datasheet>~</datasheet>
      <fields>
        <field name="PartNo">0603</field>
      </fields>
      <libsource lib="Device" part="R_Small_US" description="Resistor, small US symbol"/>
      <sheetpath names="/" tstamps="/"/>
      <tstamp>5F34ACBC</tstamp>
    </comp>
    <comp ref="C22">
      <value>0.01uF</value>
      <footprint>final scheme ver2:C0805C103J5RAC7210</footprint>
      <datasheet>~</datasheet>
      <fields>
        <field name="PartNo">C0805C103J5RAC7210</field>
      </fields>
      <libsource lib="Device" part="C_Small" description="Unpolarized capacitor, small symbol"/>
      <sheetpath names="/" tstamps="/"/>
      <tstamp>5F384283</tstamp>
    </comp>
    <comp ref="C19">
      <value>0.1uF</value>
      <footprint>final scheme ver2:CAPC1608X90</footprint>
      <datasheet>~</datasheet>
      <fields>
        <field name="PartNo">C0603C104M5RACTU</field>
      </fields>
      <libsource lib="Device" part="C_Small" description="Unpolarized capacitor, small symbol"/>
      <sheetpath names="/" tstamps="/"/>
      <tstamp>5F38BA5B</tstamp>
    </comp>
    <comp ref="C18">
      <value>10uF</value>
      <footprint>final scheme ver2:GRM188R60J106ME84D</footprint>
      <datasheet>https://www.murata.com/~/media/webrenewal/support/library/catalog/products/capacitor/mlcc/c02e.ashx?la=en-us</datasheet>
      <fields>
        <field name="PartNo">GRM188R60J106ME84D</field>
      </fields>
      <libsource lib="Device" part="CP1_Small" description="Polarized capacitor, small US symbol"/>
      <sheetpath names="/" tstamps="/"/>
      <tstamp>5F38DF9D</tstamp>
    </comp>
    <comp ref="C21">
      <value>0.1uF</value>
      <footprint>final scheme ver2:CAPC1608X90</footprint>
      <datasheet>~</datasheet>
      <fields>
        <field name="PartNo">C0603C104M5RACTU</field>
      </fields>
      <libsource lib="Device" part="C_Small" description="Unpolarized capacitor, small symbol"/>
      <sheetpath names="/" tstamps="/"/>
      <tstamp>5F3B8416</tstamp>
    </comp>
    <comp ref="C20">
      <value>10uF</value>
      <footprint>final scheme ver2:GRM188R60J106ME84D</footprint>
      <datasheet>https://www.murata.com/~/media/webrenewal/support/library/catalog/products/capacitor/mlcc/c02e.ashx?la=en-us</datasheet>
      <fields>
        <field name="PartNo">GRM188R60J106ME84D</field>
      </fields>
      <libsource lib="Device" part="CP1_Small" description="Polarized capacitor, small US symbol"/>
      <sheetpath names="/" tstamps="/"/>
      <tstamp>5F3B841F</tstamp>
    </comp>
    <comp ref="C23">
      <value>0.1uF</value>
      <footprint>final scheme ver2:CAPC1608X90</footprint>
      <datasheet>~</datasheet>
      <fields>
        <field name="PartNo">C0603C104M5RACTU</field>
      </fields>
      <libsource lib="Device" part="C_Small" description="Unpolarized capacitor, small symbol"/>
      <sheetpath names="/" tstamps="/"/>
      <tstamp>5F3CA2B8</tstamp>
    </comp>
    <comp ref="R20">
      <value>25k</value>
      <footprint>final scheme ver2:20kr</footprint>
      <datasheet>~</datasheet>
      <fields>
        <field name="PartNo">0603</field>
      </fields>
      <libsource lib="Device" part="R_Small_US" description="Resistor, small US symbol"/>
      <sheetpath names="/" tstamps="/"/>
      <tstamp>5FA7B72E</tstamp>
    </comp>
    <comp ref="U5">
      <value>AD5932</value>
      <footprint>final scheme ver2:AD5932YRUZ</footprint>
      <datasheet>https://www.analog.com/media/en/technical-documentation/data-sheets/AD5932.pdf</datasheet>
      <fields>
        <field name="PartNo">AD5932YRUZ</field>
      </fields>
      <libsource lib="FinalSchemeV2" part="AD5932" description=""/>
      <sheetpath names="/" tstamps="/"/>
      <tstamp>5F3CCF59</tstamp>
    </comp>
    <comp ref="U6">
      <value>AD5932</value>
      <footprint>final scheme ver2:AD5932YRUZ</footprint>
      <datasheet>https://www.analog.com/media/en/technical-documentation/data-sheets/AD5932.pdf</datasheet>
      <fields>
        <field name="PartNo">AD5932YRUZ</field>
      </fields>
      <libsource lib="FinalSchemeV2" part="AD5932" description=""/>
      <sheetpath names="/" tstamps="/"/>
      <tstamp>5F3CDEBE</tstamp>
    </comp>
    <comp ref="U7">
      <value>AD5932</value>
      <footprint>final scheme ver2:AD5932YRUZ</footprint>
      <datasheet>https://www.analog.com/media/en/technical-documentation/data-sheets/AD5932.pdf</datasheet>
      <fields>
        <field name="PartNo">AD5932YRUZ</field>
      </fields>
      <libsource lib="FinalSchemeV2" part="AD5932" description=""/>
      <sheetpath names="/" tstamps="/"/>
      <tstamp>5F3CED1D</tstamp>
    </comp>
    <comp ref="U9">
      <value>NCS2211</value>
      <footprint>final scheme ver2:NCS2211</footprint>
      <datasheet>https://www.onsemi.com/pub/Collateral/NCS2211-D.PDF</datasheet>
      <fields>
        <field name="PartNo">NCS2211DR2G</field>
      </fields>
      <libsource lib="FinalSchemeV2" part="NCS2211" description=""/>
      <sheetpath names="/" tstamps="/"/>
      <tstamp>5F3D2A28</tstamp>
    </comp>
    <comp ref="U8">
      <value>AD5270</value>
      <footprint>final scheme ver2:AD5270BCPZ-20-RL7</footprint>
      <datasheet>https://www.analog.com/media/en/technical-documentation/data-sheets/AD5270_5271.pdf</datasheet>
      <fields>
        <field name="PartNo">AD5270BCPZ-100-RL7</field>
      </fields>
      <libsource lib="FinalSchemeV2" part="AD5174" description=""/>
      <sheetpath names="/" tstamps="/"/>
      <tstamp>5F3D1A9F</tstamp>
    </comp>
    <comp ref="C38">
      <value>1uF</value>
      <footprint>final scheme ver2:CAPC1608X90</footprint>
      <datasheet>~</datasheet>
      <fields>
        <field name="PartNo">CC0603KRX5R8BB105</field>
      </fields>
      <libsource lib="Device" part="C_Small" description="Unpolarized capacitor, small symbol"/>
      <sheetpath names="/" tstamps="/"/>
      <tstamp>5F46DAC7</tstamp>
    </comp>
    <comp ref="C36">
      <value>10uF</value>
      <footprint>final scheme ver2:GRM188R60J106ME84D</footprint>
      <datasheet>https://www.murata.com/~/media/webrenewal/support/library/catalog/products/capacitor/mlcc/c02e.ashx?la=en-us</datasheet>
      <fields>
        <field name="PartNo">GRM188R60J106ME84D</field>
      </fields>
      <libsource lib="Device" part="CP1_Small" description="Polarized capacitor, small US symbol"/>
      <sheetpath names="/" tstamps="/"/>
      <tstamp>5F463852</tstamp>
    </comp>
    <comp ref="C37">
      <value>0.1uF</value>
      <footprint>final scheme ver2:CAPC1608X90</footprint>
      <datasheet>~</datasheet>
      <fields>
        <field name="PartNo">C0603C104M5RACTU</field>
      </fields>
      <libsource lib="Device" part="C_Small" description="Unpolarized capacitor, small symbol"/>
      <sheetpath names="/" tstamps="/"/>
      <tstamp>5F46384A</tstamp>
    </comp>
    <comp ref="C48">
      <value>10uF</value>
      <footprint>final scheme ver2:GRM188R60J106ME84D</footprint>
      <datasheet>https://www.murata.com/~/media/webrenewal/support/library/catalog/products/capacitor/mlcc/c02e.ashx?la=en-us</datasheet>
      <fields>
        <field name="PartNo">GRM188R60J106ME84D</field>
      </fields>
      <libsource lib="Device" part="C_Small" description="Unpolarized capacitor, small symbol"/>
      <sheetpath names="/" tstamps="/"/>
      <tstamp>5F9BE735</tstamp>
    </comp>
    <comp ref="C49">
      <value>0.1uF</value>
      <footprint>final scheme ver2:CAPC1608X90</footprint>
      <datasheet>~</datasheet>
      <fields>
        <field name="PartNo">C0603C104M5RACTU</field>
      </fields>
      <libsource lib="Device" part="C_Small" description="Unpolarized capacitor, small symbol"/>
      <sheetpath names="/" tstamps="/"/>
      <tstamp>5F9BE73C</tstamp>
    </comp>
    <comp ref="C46">
      <value>1uF</value>
      <footprint>final scheme ver2:CAPC1608X90</footprint>
      <datasheet>~</datasheet>
      <fields>
        <field name="PartNo">CC0603KRX5R8BB105</field>
      </fields>
      <libsource lib="Device" part="C_Small" description="Unpolarized capacitor, small symbol"/>
      <sheetpath names="/" tstamps="/"/>
      <tstamp>5F9BE74A</tstamp>
    </comp>
    <comp ref="C47">
      <value>0.1uF</value>
      <footprint>final scheme ver2:CAPC1608X90</footprint>
      <datasheet>~</datasheet>
      <fields>
        <field name="PartNo">C0603C104M5RACTU</field>
      </fields>
      <libsource lib="Device" part="C_Small" description="Unpolarized capacitor, small symbol"/>
      <sheetpath names="/" tstamps="/"/>
      <tstamp>5F9BE756</tstamp>
    </comp>
    <comp ref="R23">
      <value>25k</value>
      <footprint>final scheme ver2:20kr</footprint>
      <datasheet>~</datasheet>
      <fields>
        <field name="PartNo">0603</field>
      </fields>
      <libsource lib="Device" part="R_Small_US" description="Resistor, small US symbol"/>
      <sheetpath names="/" tstamps="/"/>
      <tstamp>5F9BE772</tstamp>
    </comp>
    <comp ref="U11">
      <value>NCS2211</value>
      <footprint>final scheme ver2:NCS2211</footprint>
      <datasheet>https://www.onsemi.com/pub/Collateral/NCS2211-D.PDF</datasheet>
      <fields>
        <field name="PartNo">NCS2211DR2G</field>
      </fields>
      <libsource lib="FinalSchemeV2" part="NCS2211" description=""/>
      <sheetpath names="/" tstamps="/"/>
      <tstamp>5F9BE779</tstamp>
    </comp>
    <comp ref="U10">
      <value>AD5270</value>
      <footprint>final scheme ver2:AD5270BCPZ-20-RL7</footprint>
      <datasheet>https://www.analog.com/media/en/technical-documentation/data-sheets/AD5270_5271.pdf</datasheet>
      <fields>
        <field name="PartNo">AD5270BCPZ-100-RL7</field>
      </fields>
      <libsource lib="FinalSchemeV2" part="AD5174" description=""/>
      <sheetpath names="/" tstamps="/"/>
      <tstamp>5F9BE784</tstamp>
    </comp>
    <comp ref="C45">
      <value>1uF</value>
      <footprint>final scheme ver2:CAPC1608X90</footprint>
      <datasheet>~</datasheet>
      <fields>
        <field name="PartNo">CC0603KRX5R8BB105</field>
      </fields>
      <libsource lib="Device" part="C_Small" description="Unpolarized capacitor, small symbol"/>
      <sheetpath names="/" tstamps="/"/>
      <tstamp>5F9BE7A1</tstamp>
    </comp>
    <comp ref="C43">
      <value>10uF</value>
      <footprint>final scheme ver2:GRM188R60J106ME84D</footprint>
      <datasheet>https://www.murata.com/~/media/webrenewal/support/library/catalog/products/capacitor/mlcc/c02e.ashx?la=en-us</datasheet>
      <fields>
        <field name="PartNo">GRM188R60J106ME84D</field>
      </fields>
      <libsource lib="Device" part="CP1_Small" description="Polarized capacitor, small US symbol"/>
      <sheetpath names="/" tstamps="/"/>
      <tstamp>5F9BE7AD</tstamp>
    </comp>
    <comp ref="C44">
      <value>0.1uF</value>
      <footprint>final scheme ver2:CAPC1608X90</footprint>
      <datasheet>~</datasheet>
      <fields>
        <field name="PartNo">C0603C104M5RACTU</field>
      </fields>
      <libsource lib="Device" part="C_Small" description="Unpolarized capacitor, small symbol"/>
      <sheetpath names="/" tstamps="/"/>
      <tstamp>5F9BE7B3</tstamp>
    </comp>
    <comp ref="C55">
      <value>10uF</value>
      <footprint>final scheme ver2:GRM188R60J106ME84D</footprint>
      <datasheet>https://www.murata.com/~/media/webrenewal/support/library/catalog/products/capacitor/mlcc/c02e.ashx?la=en-us</datasheet>
      <fields>
        <field name="PartNo">GRM188R60J106ME84D</field>
      </fields>
      <libsource lib="Device" part="C_Small" description="Unpolarized capacitor, small symbol"/>
      <sheetpath names="/" tstamps="/"/>
      <tstamp>5F9DAFE7</tstamp>
    </comp>
    <comp ref="C56">
      <value>0.1uF</value>
      <footprint>final scheme ver2:CAPC1608X90</footprint>
      <datasheet>~</datasheet>
      <fields>
        <field name="PartNo">C0603C104M5RACTU</field>
      </fields>
      <libsource lib="Device" part="C_Small" description="Unpolarized capacitor, small symbol"/>
      <sheetpath names="/" tstamps="/"/>
      <tstamp>5F9DAFEE</tstamp>
    </comp>
    <comp ref="C53">
      <value>1uF</value>
      <footprint>final scheme ver2:CAPC1608X90</footprint>
      <datasheet>~</datasheet>
      <fields>
        <field name="PartNo">CC0603KRX5R8BB105</field>
      </fields>
      <libsource lib="Device" part="C_Small" description="Unpolarized capacitor, small symbol"/>
      <sheetpath names="/" tstamps="/"/>
      <tstamp>5F9DAFFC</tstamp>
    </comp>
    <comp ref="C54">
      <value>0.1uF</value>
      <footprint>final scheme ver2:CAPC1608X90</footprint>
      <datasheet>~</datasheet>
      <fields>
        <field name="PartNo">C0603C104M5RACTU</field>
      </fields>
      <libsource lib="Device" part="C_Small" description="Unpolarized capacitor, small symbol"/>
      <sheetpath names="/" tstamps="/"/>
      <tstamp>5F9DB008</tstamp>
    </comp>
    <comp ref="R26">
      <value>25k</value>
      <footprint>final scheme ver2:20kr</footprint>
      <datasheet>~</datasheet>
      <fields>
        <field name="PartNo">0603</field>
      </fields>
      <libsource lib="Device" part="R_Small_US" description="Resistor, small US symbol"/>
      <sheetpath names="/" tstamps="/"/>
      <tstamp>5F9DB024</tstamp>
    </comp>
    <comp ref="U13">
      <value>NCS2211</value>
      <footprint>final scheme ver2:NCS2211</footprint>
      <datasheet>https://www.onsemi.com/pub/Collateral/NCS2211-D.PDF</datasheet>
      <fields>
        <field name="PartNo">NCS2211DR2G</field>
      </fields>
      <libsource lib="FinalSchemeV2" part="NCS2211" description=""/>
      <sheetpath names="/" tstamps="/"/>
      <tstamp>5F9DB02B</tstamp>
    </comp>
    <comp ref="U12">
      <value>AD5270</value>
      <footprint>final scheme ver2:AD5270BCPZ-20-RL7</footprint>
      <datasheet>https://www.analog.com/media/en/technical-documentation/data-sheets/AD5270_5271.pdf</datasheet>
      <fields>
        <field name="PartNo">AD5270BCPZ-100-RL7</field>
      </fields>
      <libsource lib="FinalSchemeV2" part="AD5174" description=""/>
      <sheetpath names="/" tstamps="/"/>
      <tstamp>5F9DB036</tstamp>
    </comp>
    <comp ref="C52">
      <value>1uF</value>
      <footprint>final scheme ver2:CAPC1608X90</footprint>
      <datasheet>~</datasheet>
      <fields>
        <field name="PartNo">CC0603KRX5R8BB105</field>
      </fields>
      <libsource lib="Device" part="C_Small" description="Unpolarized capacitor, small symbol"/>
      <sheetpath names="/" tstamps="/"/>
      <tstamp>5F9DB053</tstamp>
    </comp>
    <comp ref="C50">
      <value>10uF</value>
      <footprint>final scheme ver2:GRM188R60J106ME84D</footprint>
      <datasheet>https://www.murata.com/~/media/webrenewal/support/library/catalog/products/capacitor/mlcc/c02e.ashx?la=en-us</datasheet>
      <fields>
        <field name="PartNo">GRM188R60J106ME84D</field>
      </fields>
      <libsource lib="Device" part="CP1_Small" description="Polarized capacitor, small US symbol"/>
      <sheetpath names="/" tstamps="/"/>
      <tstamp>5F9DB05F</tstamp>
    </comp>
    <comp ref="C51">
      <value>0.1uF</value>
      <footprint>final scheme ver2:CAPC1608X90</footprint>
      <datasheet>~</datasheet>
      <fields>
        <field name="PartNo">C0603C104M5RACTU</field>
      </fields>
      <libsource lib="Device" part="C_Small" description="Unpolarized capacitor, small symbol"/>
      <sheetpath names="/" tstamps="/"/>
      <tstamp>5F9DB065</tstamp>
    </comp>
    <comp ref="R22">
      <value>10k</value>
      <footprint>final scheme ver2:10kr</footprint>
      <datasheet>~</datasheet>
      <fields>
        <field name="PartNo">0603</field>
      </fields>
      <libsource lib="Device" part="R_Small_US" description="Resistor, small US symbol"/>
      <sheetpath names="/" tstamps="/"/>
      <tstamp>61700121</tstamp>
    </comp>
    <comp ref="R19">
      <value>10k</value>
      <footprint>final scheme ver2:10kr</footprint>
      <datasheet>~</datasheet>
      <fields>
        <field name="PartNo">0603</field>
      </fields>
      <libsource lib="Device" part="R_Small_US" description="Resistor, small US symbol"/>
      <sheetpath names="/" tstamps="/"/>
      <tstamp>61754150</tstamp>
    </comp>
    <comp ref="R25">
      <value>10k</value>
      <footprint>final scheme ver2:10kr</footprint>
      <datasheet>~</datasheet>
      <fields>
        <field name="PartNo">0603</field>
      </fields>
      <libsource lib="Device" part="R_Small_US" description="Resistor, small US symbol"/>
      <sheetpath names="/" tstamps="/"/>
      <tstamp>618014BE</tstamp>
    </comp>
    <comp ref="R27">
      <value>10k</value>
      <footprint>final scheme ver2:10kr</footprint>
      <datasheet>~</datasheet>
      <fields>
        <field name="PartNo">0603</field>
      </fields>
      <libsource lib="Device" part="R_Small_US" description="Resistor, small US symbol"/>
      <sheetpath names="/" tstamps="/"/>
      <tstamp>61857AC6</tstamp>
    </comp>
    <comp ref="R24">
      <value>10k</value>
      <footprint>final scheme ver2:10kr</footprint>
      <datasheet>~</datasheet>
      <fields>
        <field name="PartNo">0603</field>
      </fields>
      <libsource lib="Device" part="R_Small_US" description="Resistor, small US symbol"/>
      <sheetpath names="/" tstamps="/"/>
      <tstamp>61A370EA</tstamp>
    </comp>
    <comp ref="R21">
      <value>10k</value>
      <footprint>final scheme ver2:10kr</footprint>
      <datasheet>~</datasheet>
      <fields>
        <field name="PartNo">0603</field>
      </fields>
      <libsource lib="Device" part="R_Small_US" description="Resistor, small US symbol"/>
      <sheetpath names="/" tstamps="/"/>
      <tstamp>61B12A2E</tstamp>
    </comp>
    <comp ref="SYNCOUT1">
      <value>TestPoint</value>
      <footprint>TestPoint:TestPoint_Pad_1.0x1.0mm</footprint>
      <datasheet>~</datasheet>
      <fields>
        <field name="PartNo">None</field>
      </fields>
      <libsource lib="Connector" part="TestPoint" description="test point"/>
      <sheetpath names="/" tstamps="/"/>
      <tstamp>61BAB07B</tstamp>
    </comp>
    <comp ref="MSBOUT1">
      <value>TestPoint</value>
      <footprint>TestPoint:TestPoint_Pad_1.0x1.0mm</footprint>
      <datasheet>~</datasheet>
      <fields>
        <field name="PartNo">None</field>
      </fields>
      <libsource lib="Connector" part="TestPoint" description="test point"/>
      <sheetpath names="/" tstamps="/"/>
      <tstamp>61BAC7E4</tstamp>
    </comp>
    <comp ref="SYNCOUT2">
      <value>TestPoint</value>
      <footprint>TestPoint:TestPoint_Pad_1.0x1.0mm</footprint>
      <datasheet>~</datasheet>
      <fields>
        <field name="PartNo">None</field>
      </fields>
      <libsource lib="Connector" part="TestPoint" description="test point"/>
      <sheetpath names="/" tstamps="/"/>
      <tstamp>61BD89DF</tstamp>
    </comp>
    <comp ref="SYNCOUT3">
      <value>TestPoint</value>
      <footprint>TestPoint:TestPoint_Pad_1.0x1.0mm</footprint>
      <datasheet>~</datasheet>
      <fields>
        <field name="PartNo">None</field>
      </fields>
      <libsource lib="Connector" part="TestPoint" description="test point"/>
      <sheetpath names="/" tstamps="/"/>
      <tstamp>61C047A6</tstamp>
    </comp>
    <comp ref="MSBOUT3">
      <value>TestPoint</value>
      <footprint>TestPoint:TestPoint_Pad_1.0x1.0mm</footprint>
      <datasheet>~</datasheet>
      <fields>
        <field name="PartNo">None</field>
      </fields>
      <libsource lib="Connector" part="TestPoint" description="test point"/>
      <sheetpath names="/" tstamps="/"/>
      <tstamp>61C305B9</tstamp>
    </comp>
    <comp ref="MSBOUT2">
      <value>TestPoint</value>
      <footprint>TestPoint:TestPoint_Pad_1.0x1.0mm</footprint>
      <datasheet>~</datasheet>
      <fields>
        <field name="PartNo">None</field>
      </fields>
      <libsource lib="Connector" part="TestPoint" description="test point"/>
      <sheetpath names="/" tstamps="/"/>
      <tstamp>61C5C633</tstamp>
    </comp>
    <comp ref="SDO3">
      <value>TestPoint</value>
      <footprint>TestPoint:TestPoint_Pad_1.0x1.0mm</footprint>
      <datasheet>~</datasheet>
      <fields>
        <field name="PartNo">None</field>
      </fields>
      <libsource lib="Connector" part="TestPoint" description="test point"/>
      <sheetpath names="/" tstamps="/"/>
      <tstamp>61DACC82</tstamp>
    </comp>
    <comp ref="SDO2">
      <value>TestPoint</value>
      <footprint>TestPoint:TestPoint_Pad_1.0x1.0mm</footprint>
      <datasheet>~</datasheet>
      <fields>
        <field name="PartNo">None</field>
      </fields>
      <libsource lib="Connector" part="TestPoint" description="test point"/>
      <sheetpath names="/" tstamps="/"/>
      <tstamp>61DADFBB</tstamp>
    </comp>
    <comp ref="SDO1">
      <value>TestPoint</value>
      <footprint>TestPoint:TestPoint_Pad_1.0x1.0mm</footprint>
      <datasheet>~</datasheet>
      <fields>
        <field name="PartNo">None</field>
      </fields>
      <libsource lib="Connector" part="TestPoint" description="test point"/>
      <sheetpath names="/" tstamps="/"/>
      <tstamp>61DAF2A3</tstamp>
    </comp>
    <comp ref="J4">
      <value>Conn_01x02_Male</value>
      <footprint>final scheme ver2:TE_5-103669-1</footprint>
      <datasheet>~</datasheet>
      <fields>
        <field name="PartNo">5-103669-1</field>
      </fields>
      <libsource lib="Connector" part="Conn_01x02_Male" description="Generic connector, single row, 01x02, script generated (kicad-library-utils/schlib/autogen/connector/)"/>
      <sheetpath names="/" tstamps="/"/>
      <tstamp>5F880D2A</tstamp>
    </comp>
    <comp ref="J5">
      <value>Conn_01x02_Male</value>
      <footprint>final scheme ver2:TE_5-103669-1</footprint>
      <datasheet>~</datasheet>
      <fields>
        <field name="PartNo">5-103669-1</field>
      </fields>
      <libsource lib="Connector" part="Conn_01x02_Male" description="Generic connector, single row, 01x02, script generated (kicad-library-utils/schlib/autogen/connector/)"/>
      <sheetpath names="/" tstamps="/"/>
      <tstamp>5F882B4E</tstamp>
    </comp>
    <comp ref="J6">
      <value>Conn_01x02_Male</value>
      <footprint>final scheme ver2:TE_5-103669-1</footprint>
      <datasheet>~</datasheet>
      <fields>
        <field name="PartNo">5-103669-1</field>
      </fields>
      <libsource lib="Connector" part="Conn_01x02_Male" description="Generic connector, single row, 01x02, script generated (kicad-library-utils/schlib/autogen/connector/)"/>
      <sheetpath names="/" tstamps="/"/>
      <tstamp>5F8830BB</tstamp>
    </comp>
    <comp ref="C10">
      <value>10uF</value>
      <footprint>final scheme ver2:GRM188R60J106ME84D</footprint>
      <datasheet>https://www.murata.com/~/media/webrenewal/support/library/catalog/products/capacitor/mlcc/c02e.ashx?la=en-us</datasheet>
      <fields>
        <field name="PartNo">GRM188R60J106ME84D</field>
      </fields>
      <libsource lib="Device" part="C_Small" description="Unpolarized capacitor, small symbol"/>
      <sheetpath names="/Power_MCU/" tstamps="/5F40795D/"/>
      <tstamp>5F4C44F8</tstamp>
    </comp>
    <comp ref="C11">
      <value>0.1uF</value>
      <footprint>final scheme ver2:CAPC1608X90</footprint>
      <datasheet>~</datasheet>
      <fields>
        <field name="PartNo">C0603C104M5RACTU</field>
      </fields>
      <libsource lib="Device" part="C_Small" description="Unpolarized capacitor, small symbol"/>
      <sheetpath names="/Power_MCU/" tstamps="/5F40795D/"/>
      <tstamp>5F4C4512</tstamp>
    </comp>
    <comp ref="R4">
      <value>10k</value>
      <footprint>final scheme ver2:10kr</footprint>
      <datasheet>~</datasheet>
      <fields>
        <field name="PartNo">0603</field>
      </fields>
      <libsource lib="Device" part="R_Small_US" description="Resistor, small US symbol"/>
      <sheetpath names="/Power_MCU/" tstamps="/5F40795D/"/>
      <tstamp>5F4C4527</tstamp>
    </comp>
    <comp ref="U4">
      <value>ESP32D</value>
      <footprint>RF_Module:ESP32-WROOM-32</footprint>
      <fields>
        <field name="PartNo">ESP32-WROOM-32D</field>
      </fields>
      <libsource lib="FinalSchemeV2" part="ESP32D" description=""/>
      <sheetpath names="/Power_MCU/" tstamps="/5F40795D/"/>
      <tstamp>5F4C4543</tstamp>
    </comp>
    <comp ref="J3">
      <value>PROG</value>
      <footprint>final scheme ver2:TE_3-647116-4</footprint>
      <datasheet>~</datasheet>
      <fields>
        <field name="PartNo">3-647116-4</field>
      </fields>
      <libsource lib="Connector" part="Conn_01x03_Female" description="Generic connector, single row, 01x03, script generated (kicad-library-utils/schlib/autogen/connector/)"/>
      <sheetpath names="/Power_MCU/" tstamps="/5F40795D/"/>
      <tstamp>5F4C454F</tstamp>
    </comp>
    <comp ref="SW1">
      <value>SW_Push</value>
      <datasheet>~</datasheet>
      <fields>
        <field name="PartNo">KMR421GULCLFS</field>
      </fields>
      <libsource lib="Switch" part="SW_Push" description="Push button switch, generic, two pins"/>
      <sheetpath names="/Power_MCU/" tstamps="/5F40795D/"/>
      <tstamp>5F4C4555</tstamp>
    </comp>
    <comp ref="SW2">
      <value>SW_Push</value>
      <fields>
        <field name="PartNo">KMR421GULCLFS</field>
      </fields>
      <libsource lib="Switch" part="SW_DPST_x2" description="Single Pole Single Throw (SPST) switch, separate symbol"/>
      <sheetpath names="/Power_MCU/" tstamps="/5F40795D/"/>
      <tstamp>5F4C455E</tstamp>
    </comp>
    <comp ref="J2">
      <value>B2B-PH-K-SLFSN</value>
      <footprint>final scheme ver2:B2B-PH-K-SLFSN</footprint>
      <fields>
        <field name="PartNo">B2B-PH-K-SLFSN</field>
      </fields>
      <libsource lib="FinalSchemeV2" part="B2B-PH-K-SLFSN" description=""/>
      <sheetpath names="/Power_MCU/" tstamps="/5F40795D/"/>
      <tstamp>5F4C4572</tstamp>
    </comp>
    <comp ref="J1">
      <value>USBminiAB</value>
      <footprint>final scheme ver2:1775051-1</footprint>
      <fields>
        <field name="PartNo">1775051-1</field>
      </fields>
      <libsource lib="FinalSchemeV2" part="1775051-1" description=""/>
      <sheetpath names="/Power_MCU/" tstamps="/5F40795D/"/>
      <tstamp>5F4C4620</tstamp>
    </comp>
    <comp ref="SDO4">
      <value>TestPoint</value>
      <footprint>TestPoint:TestPoint_Pad_1.0x1.0mm</footprint>
      <datasheet>~</datasheet>
      <fields>
        <field name="PartNo">None</field>
      </fields>
      <libsource lib="Connector" part="TestPoint" description="test point"/>
      <sheetpath names="/Power_MCU/" tstamps="/5F40795D/"/>
      <tstamp>5F4C4633</tstamp>
    </comp>
    <comp ref="SDI1">
      <value>TestPoint</value>
      <footprint>TestPoint:TestPoint_Pad_1.0x1.0mm</footprint>
      <datasheet>~</datasheet>
      <fields>
        <field name="PartNo">None</field>
      </fields>
      <libsource lib="Connector" part="TestPoint" description="test point"/>
      <sheetpath names="/Power_MCU/" tstamps="/5F40795D/"/>
      <tstamp>5F4C4639</tstamp>
    </comp>
    <comp ref="SHD1">
      <value>TestPoint</value>
      <footprint>TestPoint:TestPoint_Pad_1.0x1.0mm</footprint>
      <datasheet>~</datasheet>
      <fields>
        <field name="PartNo">None</field>
      </fields>
      <libsource lib="Connector" part="TestPoint" description="test point"/>
      <sheetpath names="/Power_MCU/" tstamps="/5F40795D/"/>
      <tstamp>5F4C463F</tstamp>
    </comp>
    <comp ref="SWP1">
      <value>TestPoint</value>
      <footprint>TestPoint:TestPoint_Pad_1.0x1.0mm</footprint>
      <datasheet>~</datasheet>
      <fields>
        <field name="PartNo">None</field>
      </fields>
      <libsource lib="Connector" part="TestPoint" description="test point"/>
      <sheetpath names="/Power_MCU/" tstamps="/5F40795D/"/>
      <tstamp>5F4C4645</tstamp>
    </comp>
    <comp ref="SCK1">
      <value>TestPoint</value>
      <footprint>TestPoint:TestPoint_Pad_1.0x1.0mm</footprint>
      <datasheet>~</datasheet>
      <fields>
        <field name="PartNo">None</field>
      </fields>
      <libsource lib="Connector" part="TestPoint" description="test point"/>
      <sheetpath names="/Power_MCU/" tstamps="/5F40795D/"/>
      <tstamp>5F4C464B</tstamp>
    </comp>
    <comp ref="SCS1">
      <value>TestPoint</value>
      <footprint>TestPoint:TestPoint_Pad_1.0x1.0mm</footprint>
      <datasheet>~</datasheet>
      <fields>
        <field name="PartNo">None</field>
      </fields>
      <libsource lib="Connector" part="TestPoint" description="test point"/>
      <sheetpath names="/Power_MCU/" tstamps="/5F40795D/"/>
      <tstamp>5F4C4651</tstamp>
    </comp>
    <comp ref="IO4">
      <value>TestPoint</value>
      <footprint>TestPoint:TestPoint_Pad_1.0x1.0mm</footprint>
      <datasheet>~</datasheet>
      <fields>
        <field name="PartNo">None</field>
      </fields>
      <libsource lib="Connector" part="TestPoint" description="test point"/>
      <sheetpath names="/Power_MCU/" tstamps="/5F40795D/"/>
      <tstamp>5F4C4657</tstamp>
    </comp>
    <comp ref="IO5">
      <value>TestPoint</value>
      <footprint>TestPoint:TestPoint_Pad_1.0x1.0mm</footprint>
      <datasheet>~</datasheet>
      <fields>
        <field name="PartNo">None</field>
      </fields>
      <libsource lib="Connector" part="TestPoint" description="test point"/>
      <sheetpath names="/Power_MCU/" tstamps="/5F40795D/"/>
      <tstamp>5F4C465D</tstamp>
    </comp>
    <comp ref="IO2">
      <value>TestPoint</value>
      <footprint>TestPoint:TestPoint_Pad_1.0x1.0mm</footprint>
      <datasheet>~</datasheet>
      <fields>
        <field name="PartNo">None</field>
      </fields>
      <libsource lib="Connector" part="TestPoint" description="test point"/>
      <sheetpath names="/Power_MCU/" tstamps="/5F40795D/"/>
      <tstamp>5F4C4663</tstamp>
    </comp>
    <comp ref="SENSOR_VP1">
      <value>TestPoint</value>
      <footprint>TestPoint:TestPoint_Pad_1.0x1.0mm</footprint>
      <datasheet>~</datasheet>
      <fields>
        <field name="PartNo">None</field>
      </fields>
      <libsource lib="Connector" part="TestPoint" description="test point"/>
      <sheetpath names="/Power_MCU/" tstamps="/5F40795D/"/>
      <tstamp>5F4C4669</tstamp>
    </comp>
    <comp ref="SENSOR_VN1">
      <value>TestPoint</value>
      <footprint>TestPoint:TestPoint_Pad_1.0x1.0mm</footprint>
      <datasheet>~</datasheet>
      <fields>
        <field name="PartNo">None</field>
      </fields>
      <libsource lib="Connector" part="TestPoint" description="test point"/>
      <sheetpath names="/Power_MCU/" tstamps="/5F40795D/"/>
      <tstamp>5F4C466F</tstamp>
    </comp>
    <comp ref="TP1">
      <value>CTRL3</value>
      <footprint>TestPoint:TestPoint_Loop_D1.80mm_Drill1.0mm_Beaded</footprint>
      <datasheet>~</datasheet>
      <fields>
        <field name="PartNo">TestPoint_LoopD1.80mm_Drill1.0mm_Beaded</field>
      </fields>
      <libsource lib="Connector" part="TestPoint" description="test point"/>
      <sheetpath names="/Power_MCU/" tstamps="/5F40795D/"/>
      <tstamp>5F4C4675</tstamp>
    </comp>
    <comp ref="TP2">
      <value>STANDBY3</value>
      <footprint>TestPoint:TestPoint_Loop_D1.80mm_Drill1.0mm_Beaded</footprint>
      <datasheet>~</datasheet>
      <fields>
        <field name="PartNo">TestPoint_LoopD1.80mm_Drill1.0mm_Beaded</field>
      </fields>
      <libsource lib="Connector" part="TestPoint" description="test point"/>
      <sheetpath names="/Power_MCU/" tstamps="/5F40795D/"/>
      <tstamp>5F4C4681</tstamp>
    </comp>
    <comp ref="TP3">
      <value>CTRL2</value>
      <footprint>TestPoint:TestPoint_Loop_D1.80mm_Drill1.0mm_Beaded</footprint>
      <datasheet>~</datasheet>
      <fields>
        <field name="PartNo">TestPoint_LoopD1.80mm_Drill1.0mm_Beaded</field>
      </fields>
      <libsource lib="Connector" part="TestPoint" description="test point"/>
      <sheetpath names="/Power_MCU/" tstamps="/5F40795D/"/>
      <tstamp>5F4C4699</tstamp>
    </comp>
    <comp ref="TP4">
      <value>CTRL1</value>
      <footprint>TestPoint:TestPoint_Loop_D1.80mm_Drill1.0mm_Beaded</footprint>
      <datasheet>~</datasheet>
      <fields>
        <field name="PartNo">TestPoint_LoopD1.80mm_Drill1.0mm_Beaded</field>
      </fields>
      <libsource lib="Connector" part="TestPoint" description="test point"/>
      <sheetpath names="/Power_MCU/" tstamps="/5F40795D/"/>
      <tstamp>5F4C46A2</tstamp>
    </comp>
    <comp ref="TP5">
      <value>STANDBY1</value>
      <footprint>TestPoint:TestPoint_Loop_D1.80mm_Drill1.0mm_Beaded</footprint>
      <datasheet>~</datasheet>
      <fields>
        <field name="PartNo">TestPoint_LoopD1.80mm_Drill1.0mm_Beaded</field>
      </fields>
      <libsource lib="Connector" part="TestPoint" description="test point"/>
      <sheetpath names="/Power_MCU/" tstamps="/5F40795D/"/>
      <tstamp>5F4C46AE</tstamp>
    </comp>
    <comp ref="TP6">
      <value>STANDBY2</value>
      <footprint>TestPoint:TestPoint_Loop_D1.80mm_Drill1.0mm_Beaded</footprint>
      <datasheet>~</datasheet>
      <fields>
        <field name="PartNo">TestPoint_LoopD1.80mm_Drill1.0mm_Beaded</field>
      </fields>
      <libsource lib="Connector" part="TestPoint" description="test point"/>
      <sheetpath names="/Power_MCU/" tstamps="/5F40795D/"/>
      <tstamp>5F4C46B7</tstamp>
    </comp>
    <comp ref="TP7">
      <value>SPI1CLK</value>
      <footprint>TestPoint:TestPoint_Loop_D1.80mm_Drill1.0mm_Beaded</footprint>
      <datasheet>~</datasheet>
      <fields>
        <field name="PartNo">TestPoint_LoopD1.80mm_Drill1.0mm_Beaded</field>
      </fields>
      <libsource lib="Connector" part="TestPoint" description="test point"/>
      <sheetpath names="/Power_MCU/" tstamps="/5F40795D/"/>
      <tstamp>5F4C46E1</tstamp>
    </comp>
    <comp ref="TP8">
      <value>SPI1MISO</value>
      <footprint>TestPoint:TestPoint_Loop_D1.80mm_Drill1.0mm_Beaded</footprint>
      <datasheet>~</datasheet>
      <fields>
        <field name="PartNo">TestPoint_LoopD1.80mm_Drill1.0mm_Beaded</field>
      </fields>
      <libsource lib="Connector" part="TestPoint" description="test point"/>
      <sheetpath names="/Power_MCU/" tstamps="/5F40795D/"/>
      <tstamp>5F4C46E7</tstamp>
    </comp>
    <comp ref="TP9">
      <value>ENABLE1</value>
      <footprint>TestPoint:TestPoint_Loop_D1.80mm_Drill1.0mm_Beaded</footprint>
      <datasheet>~</datasheet>
      <fields>
        <field name="PartNo">TestPoint_LoopD1.80mm_Drill1.0mm_Beaded</field>
      </fields>
      <libsource lib="Connector" part="TestPoint" description="test point"/>
      <sheetpath names="/Power_MCU/" tstamps="/5F40795D/"/>
      <tstamp>5F4C46ED</tstamp>
    </comp>
    <comp ref="TP10">
      <value>ENABLE2</value>
      <footprint>TestPoint:TestPoint_Loop_D1.80mm_Drill1.0mm_Beaded</footprint>
      <datasheet>~</datasheet>
      <fields>
        <field name="PartNo">TestPoint_LoopD1.80mm_Drill1.0mm_Beaded</field>
      </fields>
      <libsource lib="Connector" part="TestPoint" description="test point"/>
      <sheetpath names="/Power_MCU/" tstamps="/5F40795D/"/>
      <tstamp>5F4C46F3</tstamp>
    </comp>
    <comp ref="TP11">
      <value>SPIMOSI</value>
      <footprint>TestPoint:TestPoint_Loop_D1.80mm_Drill1.0mm_Beaded</footprint>
      <datasheet>~</datasheet>
      <fields>
        <field name="PartNo">TestPoint_LoopD1.80mm_Drill1.0mm_Beaded</field>
      </fields>
      <libsource lib="Connector" part="TestPoint" description="test point"/>
      <sheetpath names="/Power_MCU/" tstamps="/5F40795D/"/>
      <tstamp>5F4C46F9</tstamp>
    </comp>
    <comp ref="TP12">
      <value>FSYNC2</value>
      <footprint>TestPoint:TestPoint_Loop_D1.80mm_Drill1.0mm_Beaded</footprint>
      <datasheet>~</datasheet>
      <fields>
        <field name="PartNo">TestPoint_LoopD1.80mm_Drill1.0mm_Beaded</field>
      </fields>
      <libsource lib="Connector" part="TestPoint" description="test point"/>
      <sheetpath names="/Power_MCU/" tstamps="/5F40795D/"/>
      <tstamp>5F4C46FF</tstamp>
    </comp>
    <comp ref="TP13">
      <value>FSYNC3</value>
      <footprint>TestPoint:TestPoint_Loop_D1.80mm_Drill1.0mm_Beaded</footprint>
      <datasheet>~</datasheet>
      <fields>
        <field name="PartNo">TestPoint_LoopD1.80mm_Drill1.0mm_Beaded</field>
      </fields>
      <libsource lib="Connector" part="TestPoint" description="test point"/>
      <sheetpath names="/Power_MCU/" tstamps="/5F40795D/"/>
      <tstamp>5F4C4705</tstamp>
    </comp>
    <comp ref="TP14">
      <value>ENABLE3</value>
      <footprint>TestPoint:TestPoint_Loop_D1.80mm_Drill1.0mm_Beaded</footprint>
      <datasheet>~</datasheet>
      <fields>
        <field name="PartNo">TestPoint_LoopD1.80mm_Drill1.0mm_Beaded</field>
      </fields>
      <libsource lib="Connector" part="TestPoint" description="test point"/>
      <sheetpath names="/Power_MCU/" tstamps="/5F40795D/"/>
      <tstamp>5F4C470B</tstamp>
    </comp>
    <comp ref="TP15">
      <value>SYNC3</value>
      <footprint>TestPoint:TestPoint_Loop_D1.80mm_Drill1.0mm_Beaded</footprint>
      <datasheet>~</datasheet>
      <fields>
        <field name="PartNo">TestPoint_LoopD1.80mm_Drill1.0mm_Beaded</field>
      </fields>
      <libsource lib="Connector" part="TestPoint" description="test point"/>
      <sheetpath names="/Power_MCU/" tstamps="/5F40795D/"/>
      <tstamp>5F4C4711</tstamp>
    </comp>
    <comp ref="TP16">
      <value>FSYNC1</value>
      <footprint>TestPoint:TestPoint_Loop_D1.80mm_Drill1.0mm_Beaded</footprint>
      <fields>
        <field name="PartNo">TestPoint_LoopD1.80mm_Drill1.0mm_Beaded</field>
      </fields>
      <libsource lib="Connector" part="TestPoint" description="test point"/>
      <sheetpath names="/Power_MCU/" tstamps="/5F40795D/"/>
      <tstamp>5F4C4717</tstamp>
    </comp>
    <comp ref="TP17">
      <value>SYNC1</value>
      <footprint>TestPoint:TestPoint_Loop_D1.80mm_Drill1.0mm_Beaded</footprint>
      <fields>
        <field name="PartNo">TestPoint_LoopD1.80mm_Drill1.0mm_Beaded</field>
      </fields>
      <libsource lib="Connector" part="TestPoint" description="test point"/>
      <sheetpath names="/Power_MCU/" tstamps="/5F40795D/"/>
      <tstamp>5F4C471D</tstamp>
    </comp>
    <comp ref="TP18">
      <value>SYNC2</value>
      <footprint>TestPoint:TestPoint_Loop_D1.80mm_Drill1.0mm_Beaded</footprint>
      <fields>
        <field name="PartNo">TestPoint_LoopD1.80mm_Drill1.0mm_Beaded</field>
      </fields>
      <libsource lib="Connector" part="TestPoint" description="test point"/>
      <sheetpath names="/Power_MCU/" tstamps="/5F40795D/"/>
      <tstamp>5F4C4723</tstamp>
    </comp>
    <comp ref="MISO1">
      <value>TestPoint</value>
      <footprint>TestPoint:TestPoint_Pad_1.0x1.0mm</footprint>
      <datasheet>~</datasheet>
      <fields>
        <field name="PartNo">None</field>
      </fields>
      <libsource lib="Connector" part="TestPoint" description="test point"/>
      <sheetpath names="/Power_MCU/" tstamps="/5F40795D/"/>
      <tstamp>5F4C4729</tstamp>
    </comp>
    <comp ref="U3">
      <value>TPS613222ADBVR</value>
      <footprint>DBV5_TEX</footprint>
      <datasheet>https://www.ti.com/lit/ds/symlink/tps61322.pdf?HQS=TI-null-null-digikeymode-df-pf-null-wwe&amp;ts=1597873371428</datasheet>
      <fields>
        <field name="PartNo">TPS613222ADBVR</field>
      </fields>
      <libsource lib="FinalSchemeV2" part="TPS613222ADBVR" description=""/>
      <sheetpath names="/Power_MCU/" tstamps="/5F40795D/"/>
      <tstamp>5F636500</tstamp>
    </comp>
    <comp ref="L1">
      <value>2.2uH</value>
      <footprint>INDC2520X120N</footprint>
      <fields>
        <field name="PartNo">DFE252012F-2R2M=P2</field>
      </fields>
      <libsource lib="FinalSchemeV2" part="DFE252012F-2R2M=P2" description=""/>
      <sheetpath names="/Power_MCU/" tstamps="/5F40795D/"/>
      <tstamp>5F63C9EA</tstamp>
    </comp>
    <comp ref="C8">
      <value>10uF</value>
      <footprint>final scheme ver2:GRM188R60J106ME84D</footprint>
      <datasheet>https://www.murata.com/~/media/webrenewal/support/library/catalog/products/capacitor/mlcc/c02e.ashx?la=en-us</datasheet>
      <fields>
        <field name="PartNo">GRM188R60J106ME84D</field>
      </fields>
      <libsource lib="Device" part="C_Small" description="Unpolarized capacitor, small symbol"/>
      <sheetpath names="/Power_MCU/" tstamps="/5F40795D/"/>
      <tstamp>5F64E133</tstamp>
    </comp>
    <comp ref="C7">
      <value>10uF</value>
      <footprint>final scheme ver2:GRM188R60J106ME84D</footprint>
      <datasheet>https://www.murata.com/~/media/webrenewal/support/library/catalog/products/capacitor/mlcc/c02e.ashx?la=en-us</datasheet>
      <fields>
        <field name="PartNo">GRM188R60J106ME84D</field>
      </fields>
      <libsource lib="Device" part="C_Small" description="Unpolarized capacitor, small symbol"/>
      <sheetpath names="/Power_MCU/" tstamps="/5F40795D/"/>
      <tstamp>5F665252</tstamp>
    </comp>
    <comp ref="C9">
      <value>10uF</value>
      <footprint>final scheme ver2:GRM188R60J106ME84D</footprint>
      <datasheet>https://www.murata.com/~/media/webrenewal/support/library/catalog/products/capacitor/mlcc/c02e.ashx?la=en-us</datasheet>
      <fields>
        <field name="PartNo">GRM188R60J106ME84D</field>
      </fields>
      <libsource lib="Device" part="C_Small" description="Unpolarized capacitor, small symbol"/>
      <sheetpath names="/Power_MCU/" tstamps="/5F40795D/"/>
      <tstamp>5F665A20</tstamp>
    </comp>
    <comp ref="C6">
      <value>1000pF</value>
      <footprint>final scheme ver2:CAPC1608X90N</footprint>
      <datasheet>~</datasheet>
      <fields>
        <field name="PartNo">GCM1885C1H102JA16J</field>
      </fields>
      <libsource lib="Device" part="C_Small" description="Unpolarized capacitor, small symbol"/>
      <sheetpath names="/Power_MCU/" tstamps="/5F40795D/"/>
      <tstamp>5F66FCEB</tstamp>
    </comp>
    <comp ref="D2">
      <value>MBRS130LT3G</value>
      <footprint>SMC_ONS</footprint>
      <datasheet>https://www.onsemi.com/pub/Collateral/MBRS340T3-D.PDF</datasheet>
      <fields>
        <field name="PartNo">MBRS130LT3G</field>
      </fields>
      <libsource lib="FinalSchemeV2" part="MBRS340T3G" description=""/>
      <sheetpath names="/Power_MCU/" tstamps="/5F40795D/"/>
      <tstamp>5F4C4615</tstamp>
    </comp>
    <comp ref="D1">
      <value>MBRS130LT3G</value>
      <footprint>SMC_ONS</footprint>
      <datasheet>https://www.onsemi.com/pub/Collateral/MBRS340T3-D.PDF</datasheet>
      <fields>
        <field name="PartNo">MBRS130LT3G</field>
      </fields>
      <libsource lib="FinalSchemeV2" part="MBRS340T3G" description=""/>
      <sheetpath names="/Power_MCU/" tstamps="/5F40795D/"/>
      <tstamp>5F4C460E</tstamp>
    </comp>
    <comp ref="RLED1">
      <value>SML-D12M1WT86</value>
      <footprint>final scheme ver2:SML-D12M1WT86</footprint>
      <fields>
        <field name="PartNo">SML-D12M1WT86</field>
      </fields>
      <libsource lib="FinalSchemeV2" part="SML-D12M1WT86" description=""/>
      <sheetpath names="/Power_MCU/" tstamps="/5F40795D/"/>
      <tstamp>5F4C4605</tstamp>
    </comp>
    <comp ref="C1">
      <value>4.7uF</value>
      <footprint>final scheme ver2:CAPC2012X95N</footprint>
      <datasheet>~</datasheet>
      <fields>
        <field name="PartNo">GRM219R61E475KA73D</field>
      </fields>
      <libsource lib="Device" part="C_Small" description="Unpolarized capacitor, small symbol"/>
      <sheetpath names="/Power_MCU/" tstamps="/5F40795D/"/>
      <tstamp>5F4C45F1</tstamp>
    </comp>
    <comp ref="R2">
      <value>470</value>
      <footprint>final scheme ver2:470r</footprint>
      <datasheet>~</datasheet>
      <fields>
        <field name="PartNo">0603</field>
      </fields>
      <libsource lib="Device" part="R_Small_US" description="Resistor, small US symbol"/>
      <sheetpath names="/Power_MCU/" tstamps="/5F40795D/"/>
      <tstamp>5F4C45EA</tstamp>
    </comp>
    <comp ref="C2">
      <value>4.7uF</value>
      <footprint>final scheme ver2:CAPC2012X95N</footprint>
      <datasheet>~</datasheet>
      <fields>
        <field name="PartNo">GRM219R61E475KA73D</field>
      </fields>
      <libsource lib="Device" part="C_Small" description="Unpolarized capacitor, small symbol"/>
      <sheetpath names="/Power_MCU/" tstamps="/5F40795D/"/>
      <tstamp>5F4C45DD</tstamp>
    </comp>
    <comp ref="R1">
      <value>2k</value>
      <footprint>final scheme ver2:2kr</footprint>
      <datasheet>~</datasheet>
      <fields>
        <field name="PartNo">0603</field>
      </fields>
      <libsource lib="Device" part="R_Small_US" description="Resistor, small US symbol"/>
      <sheetpath names="/Power_MCU/" tstamps="/5F40795D/"/>
      <tstamp>5F4C45D4</tstamp>
    </comp>
    <comp ref="U1">
      <value>MCP73831-2-OT</value>
      <footprint>Package_TO_SOT_SMD:SOT-23-5</footprint>
      <datasheet>http://ww1.microchip.com/downloads/en/DeviceDoc/20001984g.pdf</datasheet>
      <fields>
        <field name="PartNo">MCP73831-2-OT</field>
      </fields>
      <libsource lib="Battery_Management" part="MCP73831-2-OT" description="Single cell, Li-Ion/Li-Po charge management controller, 4.20V, Tri-State Status Output, in SOT23-5 package"/>
      <sheetpath names="/Power_MCU/" tstamps="/5F40795D/"/>
      <tstamp>5F4C45C6</tstamp>
    </comp>
    <comp ref="C5">
      <value>1uF</value>
      <footprint>final scheme ver2:CAPC1608X90</footprint>
      <datasheet>~</datasheet>
      <fields>
        <field name="PartNo">CC0603KRX5R8BB105</field>
      </fields>
      <libsource lib="Device" part="C_Small" description="Unpolarized capacitor, small symbol"/>
      <sheetpath names="/Power_MCU/" tstamps="/5F40795D/"/>
      <tstamp>5F4C45B6</tstamp>
    </comp>
    <comp ref="C4">
      <value>1uF</value>
      <footprint>final scheme ver2:CAPC1608X90</footprint>
      <datasheet>~</datasheet>
      <fields>
        <field name="PartNo">CC0603KRX5R8BB105</field>
      </fields>
      <libsource lib="Device" part="C_Small" description="Unpolarized capacitor, small symbol"/>
      <sheetpath names="/Power_MCU/" tstamps="/5F40795D/"/>
      <tstamp>5F4C4594</tstamp>
    </comp>
    <comp ref="C3">
      <value>0.1uF</value>
      <footprint>final scheme ver2:CAPC1608X90</footprint>
      <datasheet>~</datasheet>
      <fields>
        <field name="PartNo">C0603C104M5RACTU</field>
      </fields>
      <libsource lib="Device" part="C_Small" description="Unpolarized capacitor, small symbol"/>
      <sheetpath names="/Power_MCU/" tstamps="/5F40795D/"/>
      <tstamp>5F4C458E</tstamp>
    </comp>
    <comp ref="U2">
      <value>TPS73733QDRBRQ1</value>
      <footprint>final scheme ver2:TPS73733QDRBRQ1</footprint>
      <datasheet>https://www.ti.com/lit/ds/symlink/tps737-q1.pdf?HQS=TI-null-null-digikeymode-df-pf-null-wwe&amp;ts=1597710406445</datasheet>
      <fields>
        <field name="PartNo">TPS73733QDRBRQ1</field>
      </fields>
      <libsource lib="FinalSchemeV2" part="TPS73733QDRBRQ1" description=""/>
      <sheetpath names="/Power_MCU/" tstamps="/5F40795D/"/>
      <tstamp>5F4C456C</tstamp>
    </comp>
    <comp ref="D3">
      <value>MBRS130LT3G</value>
      <footprint>SMC_ONS</footprint>
      <datasheet>https://www.onsemi.com/pub/Collateral/MBRS340T3-D.PDF</datasheet>
      <fields>
        <field name="PartNo">MBRS130LT3G</field>
      </fields>
      <libsource lib="FinalSchemeV2" part="MBRS340T3G" description=""/>
      <sheetpath names="/Power_MCU/" tstamps="/5F40795D/"/>
      <tstamp>5F6C077A</tstamp>
    </comp>
    <comp ref="R3">
      <value>5</value>
      <footprint>final scheme ver2:5r</footprint>
      <datasheet>~</datasheet>
      <fields>
        <field name="PartNo">0805</field>
      </fields>
      <libsource lib="Device" part="R_Small_US" description="Resistor, small US symbol"/>
      <sheetpath names="/Power_MCU/" tstamps="/5F40795D/"/>
      <tstamp>5F76AA99</tstamp>
    </comp>
  </components>
  <libparts>
    <libpart lib="Battery_Management" part="MCP73832-2-OT">
      <aliases>
        <alias>MCP73832-5-OT</alias>
        <alias>MCP73832-4-OT</alias>
        <alias>MCP73832-3-OT</alias>
        <alias>MCP73831-2-OT</alias>
        <alias>MCP73831-5-OT</alias>
        <alias>MCP73831-4-OT</alias>
        <alias>MCP73831-3-OT</alias>
      </aliases>
      <description>Single cell, Li-Ion/Li-Po charge management controller, 4.20V, Open-Drain Status Output, in SOT23-5 package</description>
      <docs>http://ww1.microchip.com/downloads/en/DeviceDoc/20001984g.pdf</docs>
      <footprints>
        <fp>SOT?23*</fp>
      </footprints>
      <fields>
        <field name="Reference">U</field>
        <field name="Value">MCP73832-2-OT</field>
        <field name="Footprint">Package_TO_SOT_SMD:SOT-23-5</field>
      </fields>
      <pins>
        <pin num="1" name="STAT" type="output"/>
        <pin num="2" name="VSS" type="power_in"/>
        <pin num="3" name="VBAT" type="power_out"/>
        <pin num="4" name="VDD" type="power_in"/>
        <pin num="5" name="PROG" type="input"/>
      </pins>
    </libpart>
    <libpart lib="Connector" part="Conn_01x02_Male">
      <description>Generic connector, single row, 01x02, script generated (kicad-library-utils/schlib/autogen/connector/)</description>
      <docs>~</docs>
      <footprints>
        <fp>Connector*:*_1x??_*</fp>
      </footprints>
      <fields>
        <field name="Reference">J</field>
        <field name="Value">Conn_01x02_Male</field>
      </fields>
      <pins>
        <pin num="1" name="Pin_1" type="passive"/>
        <pin num="2" name="Pin_2" type="passive"/>
      </pins>
    </libpart>
    <libpart lib="Connector" part="Conn_01x03_Female">
      <description>Generic connector, single row, 01x03, script generated (kicad-library-utils/schlib/autogen/connector/)</description>
      <docs>~</docs>
      <footprints>
        <fp>Connector*:*_1x??_*</fp>
      </footprints>
      <fields>
        <field name="Reference">J</field>
        <field name="Value">Conn_01x03_Female</field>
      </fields>
      <pins>
        <pin num="1" name="Pin_1" type="passive"/>
        <pin num="2" name="Pin_2" type="passive"/>
        <pin num="3" name="Pin_3" type="passive"/>
      </pins>
    </libpart>
    <libpart lib="Connector" part="TestPoint">
      <description>test point</description>
      <docs>~</docs>
      <footprints>
        <fp>Pin*</fp>
        <fp>Test*</fp>
      </footprints>
      <fields>
        <field name="Reference">TP</field>
        <field name="Value">TestPoint</field>
      </fields>
      <pins>
        <pin num="1" name="1" type="passive"/>
      </pins>
    </libpart>
    <libpart lib="Device" part="CP1_Small">
      <description>Polarized capacitor, small US symbol</description>
      <docs>~</docs>
      <footprints>
        <fp>CP_*</fp>
      </footprints>
      <fields>
        <field name="Reference">C</field>
        <field name="Value">CP1_Small</field>
      </fields>
      <pins>
        <pin num="1" name="~" type="passive"/>
        <pin num="2" name="~" type="passive"/>
      </pins>
    </libpart>
    <libpart lib="Device" part="C_Small">
      <description>Unpolarized capacitor, small symbol</description>
      <docs>~</docs>
      <footprints>
        <fp>C_*</fp>
      </footprints>
      <fields>
        <field name="Reference">C</field>
        <field name="Value">C_Small</field>
      </fields>
      <pins>
        <pin num="1" name="~" type="passive"/>
        <pin num="2" name="~" type="passive"/>
      </pins>
    </libpart>
    <libpart lib="Device" part="Ferrite_Bead_Small">
      <description>Ferrite bead, small symbol</description>
      <docs>~</docs>
      <footprints>
        <fp>Inductor_*</fp>
        <fp>L_*</fp>
        <fp>*Ferrite*</fp>
      </footprints>
      <fields>
        <field name="Reference">FB</field>
        <field name="Value">Ferrite_Bead_Small</field>
      </fields>
      <pins>
        <pin num="1" name="~" type="passive"/>
        <pin num="2" name="~" type="passive"/>
      </pins>
    </libpart>
    <libpart lib="Device" part="R_Small_US">
      <description>Resistor, small US symbol</description>
      <docs>~</docs>
      <footprints>
        <fp>R_*</fp>
      </footprints>
      <fields>
        <field name="Reference">R</field>
        <field name="Value">R_Small_US</field>
      </fields>
      <pins>
        <pin num="1" name="~" type="passive"/>
        <pin num="2" name="~" type="passive"/>
      </pins>
    </libpart>
    <libpart lib="FinalSchemeV2" part="1775051-1">
      <footprints>
        <fp>CONN5_1775051-1_TEC</fp>
      </footprints>
      <fields>
        <field name="Reference">J</field>
        <field name="Value">1775051-1</field>
        <field name="Footprint">CONN5_1775051-1_TEC</field>
      </fields>
      <pins>
        <pin num="1" name="1" type="unspc"/>
        <pin num="2" name="2" type="unspc"/>
        <pin num="3" name="3" type="unspc"/>
        <pin num="4" name="4" type="unspc"/>
        <pin num="5" name="5" type="unspc"/>
      </pins>
    </libpart>
    <libpart lib="FinalSchemeV2" part="AD5174">
      <fields>
        <field name="Reference">U</field>
        <field name="Value">AD5174</field>
      </fields>
      <pins>
        <pin num="1" name="VDD" type="power_in"/>
        <pin num="2" name="A" type="output"/>
        <pin num="3" name="W" type="output"/>
        <pin num="4" name="VSS" type="power_in"/>
        <pin num="5" name="EXT_CAP" type="input"/>
        <pin num="6" name="GND" type="power_in"/>
        <pin num="7" name="SDO" type="output"/>
        <pin num="8" name="DIN" type="input"/>
        <pin num="9" name="SCLK" type="input"/>
        <pin num="10" name="SYNC" type="input"/>
      </pins>
    </libpart>
    <libpart lib="FinalSchemeV2" part="AD5932">
      <fields>
        <field name="Reference">U</field>
        <field name="Value">AD5932</field>
      </fields>
      <pins>
        <pin num="1" name="COMP" type="input"/>
        <pin num="2" name="AVDD" type="power_in"/>
        <pin num="3" name="DVDD" type="power_in"/>
        <pin num="4" name="CAP/2.5V" type="input"/>
        <pin num="5" name="DGND" type="power_in"/>
        <pin num="6" name="MCLK" type="input"/>
        <pin num="7" name="SYNCOUT" type="output"/>
        <pin num="8" name="MSBOUT" type="output"/>
        <pin num="9" name="INTERRUPT" type="input"/>
        <pin num="10" name="CTRL" type="input"/>
        <pin num="11" name="SDATA" type="input"/>
        <pin num="12" name="SCLK" type="input"/>
        <pin num="13" name="FSYNC" type="input"/>
        <pin num="14" name="STANDBY" type="input"/>
        <pin num="15" name="AGND" type="power_in"/>
        <pin num="16" name="VOUT" type="output"/>
      </pins>
    </libpart>
    <libpart lib="FinalSchemeV2" part="B2B-PH-K-SLFSN">
      <footprints>
        <fp>CONN_B2B-PH-K-SLFSN_JST</fp>
      </footprints>
      <fields>
        <field name="Reference">J</field>
        <field name="Value">B2B-PH-K-SLFSN</field>
        <field name="Footprint">CONN_B2B-PH-K-SLFSN_JST</field>
      </fields>
      <pins>
        <pin num="1" name="1" type="unspc"/>
        <pin num="2" name="2" type="unspc"/>
      </pins>
    </libpart>
    <libpart lib="FinalSchemeV2" part="DFE252012F-2R2M=P2">
      <fields>
        <field name="Reference">L</field>
        <field name="Value">DFE252012F-2R2M=P2</field>
        <field name="Footprint">INDC2520X120N</field>
      </fields>
      <pins>
        <pin num="1" name="~" type="passive"/>
        <pin num="2" name="~" type="passive"/>
      </pins>
    </libpart>
    <libpart lib="FinalSchemeV2" part="ESP32D">
      <fields>
        <field name="Reference">U</field>
        <field name="Value">ESP32D</field>
      </fields>
      <pins>
        <pin num="1" name="GND" type="power_in"/>
        <pin num="2" name="VDD" type="power_in"/>
        <pin num="3" name="EN" type="input"/>
        <pin num="4" name="SENSOR_VP" type="input"/>
        <pin num="5" name="SENSOR_VN" type="input"/>
        <pin num="6" name="IO34" type="input"/>
        <pin num="7" name="IO35" type="input"/>
        <pin num="8" name="IO32" type="BiDi"/>
        <pin num="9" name="IO33" type="BiDi"/>
        <pin num="10" name="IO25" type="BiDi"/>
        <pin num="11" name="IO26" type="BiDi"/>
        <pin num="12" name="IO27" type="BiDi"/>
        <pin num="13" name="IO14" type="BiDi"/>
        <pin num="14" name="IO12" type="BiDi"/>
        <pin num="15" name="GND" type="passive"/>
        <pin num="16" name="IO13" type="BiDi"/>
        <pin num="17" name="SHD/SD2" type="BiDi"/>
        <pin num="18" name="SWP/SD3" type="BiDi"/>
        <pin num="19" name="SCS/CMD" type="BiDi"/>
        <pin num="20" name="SCK/CLK" type="BiDi"/>
        <pin num="21" name="SDO/SD0" type="BiDi"/>
        <pin num="22" name="SDI/SD1" type="BiDi"/>
        <pin num="23" name="IO15" type="BiDi"/>
        <pin num="24" name="IO2" type="BiDi"/>
        <pin num="25" name="IO0" type="BiDi"/>
        <pin num="26" name="IO4" type="BiDi"/>
        <pin num="27" name="IO16" type="BiDi"/>
        <pin num="28" name="IO17" type="BiDi"/>
        <pin num="29" name="IO5" type="BiDi"/>
        <pin num="30" name="IO18" type="BiDi"/>
        <pin num="31" name="IO19" type="BiDi"/>
        <pin num="32" name="NC" type="NotConnected"/>
        <pin num="33" name="IO21" type="BiDi"/>
        <pin num="34" name="RXD0/IO3" type="BiDi"/>
        <pin num="35" name="TXD0/IO1" type="BiDi"/>
        <pin num="36" name="IO22" type="BiDi"/>
        <pin num="37" name="IO23" type="BiDi"/>
        <pin num="38" name="GND" type="passive"/>
        <pin num="39" name="GND" type="passive"/>
      </pins>
    </libpart>
    <libpart lib="FinalSchemeV2" part="MBRS340T3G">
      <footprints>
        <fp>SMC_ONS</fp>
      </footprints>
      <fields>
        <field name="Reference">U</field>
        <field name="Value">MBRS340T3G</field>
        <field name="Footprint">SMC_ONS</field>
      </fields>
      <pins>
        <pin num="1" name="1" type="unspc"/>
        <pin num="2" name="2" type="unspc"/>
      </pins>
    </libpart>
    <libpart lib="FinalSchemeV2" part="NCS2211">
      <fields>
        <field name="Reference">U</field>
        <field name="Value">NCS2211</field>
      </fields>
      <pins>
        <pin num="1" name="Enable" type="input"/>
        <pin num="2" name="Bias" type="input"/>
        <pin num="3" name="IN+" type="input"/>
        <pin num="4" name="IN-" type="input"/>
        <pin num="5" name="OUT+" type="output"/>
        <pin num="6" name="VCC" type="power_in"/>
        <pin num="7" name="VEE" type="power_in"/>
        <pin num="8" name="OUT-" type="output"/>
      </pins>
    </libpart>
    <libpart lib="FinalSchemeV2" part="SML-D12M1WT86">
      <footprints>
        <fp>LED_SMLD12_ROM</fp>
      </footprints>
      <fields>
        <field name="Reference">R</field>
        <field name="Value">SML-D12M1WT86</field>
        <field name="Footprint">LED_SMLD12_ROM</field>
      </fields>
      <pins>
        <pin num="1" name="1" type="unspc"/>
        <pin num="2" name="2" type="unspc"/>
      </pins>
    </libpart>
    <libpart lib="FinalSchemeV2" part="TPS613222ADBVR">
      <footprints>
        <fp>DBV5_TEX</fp>
        <fp>DBV5_TEX-M</fp>
        <fp>DBV5_TEX-L</fp>
      </footprints>
      <fields>
        <field name="Reference">U</field>
        <field name="Value">TPS613222ADBVR</field>
        <field name="Footprint">DBV5_TEX</field>
      </fields>
      <pins>
        <pin num="1" name="SW" type="unspc"/>
        <pin num="2" name="GND" type="power_in"/>
        <pin num="3" name="NC" type="NotConnected"/>
        <pin num="4" name="VOUT" type="output"/>
        <pin num="5" name="NC" type="NotConnected"/>
      </pins>
    </libpart>
    <libpart lib="FinalSchemeV2" part="TPS73733QDRBRQ1">
      <footprints>
        <fp>DRB0008C</fp>
      </footprints>
      <fields>
        <field name="Reference">U</field>
        <field name="Value">TPS73733QDRBRQ1</field>
        <field name="Footprint">DRB0008C</field>
      </fields>
      <pins>
        <pin num="1" name="OUT" type="power_in"/>
        <pin num="2" name="NC" type="unspc"/>
        <pin num="3" name="NR" type="input"/>
        <pin num="4" name="GND" type="power_in"/>
        <pin num="5" name="EN" type="input"/>
        <pin num="6" name="NC" type="unspc"/>
        <pin num="7" name="NC" type="unspc"/>
        <pin num="8" name="IN" type="power_in"/>
        <pin num="9" name="PAD" type="power_in"/>
      </pins>
    </libpart>
    <libpart lib="Oscillator" part="SG-3030CM">
      <description>32.768kHz Crystal Oscillator (SPXO)</description>
      <docs>https://support.epson.biz/td/api/doc_check.php?mode=dl&amp;lang=en&amp;Parts=SG-3030CM</docs>
      <footprints>
        <fp>Oscillator*SMD*SeikoEpson*SG3030CM*</fp>
      </footprints>
      <fields>
        <field name="Reference">X</field>
        <field name="Value">SG-3030CM</field>
        <field name="Footprint">Oscillator:Oscillator_SMD_SeikoEpson_SG3030CM</field>
      </fields>
      <pins>
        <pin num="1" name="VIO" type="power_in"/>
        <pin num="2" name="GND" type="power_in"/>
        <pin num="3" name="OUT" type="output"/>
        <pin num="4" name="Vcc" type="power_in"/>
      </pins>
    </libpart>
    <libpart lib="Switch" part="SW_DPST_x2">
      <description>Single Pole Single Throw (SPST) switch, separate symbol</description>
      <docs>~</docs>
      <fields>
        <field name="Reference">SW</field>
        <field name="Value">SW_DPST_x2</field>
      </fields>
      <pins>
        <pin num="1" name="A" type="passive"/>
        <pin num="2" name="B" type="passive"/>
        <pin num="3" name="A" type="passive"/>
        <pin num="4" name="B" type="passive"/>
      </pins>
    </libpart>
    <libpart lib="Switch" part="SW_Push">
      <description>Push button switch, generic, two pins</description>
      <docs>~</docs>
      <fields>
        <field name="Reference">SW</field>
        <field name="Value">SW_Push</field>
      </fields>
      <pins>
        <pin num="1" name="1" type="passive"/>
        <pin num="2" name="2" type="passive"/>
      </pins>
    </libpart>
  </libparts>
  <libraries>
    <library logical="Battery_Management">
      <uri>C:\Program Files\KiCad\share\kicad\library/Battery_Management.lib</uri>
    </library>
    <library logical="Connector">
      <uri>C:\Program Files\KiCad\share\kicad\library/Connector.lib</uri>
    </library>
    <library logical="Device">
      <uri>C:\Program Files\KiCad\share\kicad\library/Device.lib</uri>
    </library>
    <library logical="FinalSchemeV2">
      <uri>C:\Users\shayn\OneDrive\Desktop\Capstone\final scheme ver2/FinalSchemeV2.lib</uri>
    </library>
    <library logical="Oscillator">
      <uri>C:\Program Files\KiCad\share\kicad\library/Oscillator.lib</uri>
    </library>
    <library logical="Switch">
      <uri>C:\Program Files\KiCad\share\kicad\library/Switch.lib</uri>
    </library>
  </libraries>
  <nets>
    <net code="1" name="+5V">
      <node ref="C55" pin="1"/>
      <node ref="C56" pin="1"/>
      <node ref="C42" pin="1"/>
      <node ref="U9" pin="6"/>
      <node ref="C41" pin="1"/>
      <node ref="U13" pin="6"/>
      <node ref="C8" pin="1"/>
      <node ref="C7" pin="1"/>
      <node ref="C9" pin="1"/>
      <node ref="U3" pin="4"/>
      <node ref="C6" pin="2"/>
      <node ref="D3" pin="1"/>
      <node ref="C49" pin="1"/>
      <node ref="U11" pin="6"/>
      <node ref="C48" pin="1"/>
    </net>
    <net code="2" name="Net-(J5-Pad2)">
      <node ref="U10" pin="2"/>
      <node ref="J5" pin="2"/>
      <node ref="U11" pin="5"/>
    </net>
    <net code="3" name="Net-(R23-Pad1)">
      <node ref="U10" pin="3"/>
      <node ref="R23" pin="1"/>
      <node ref="U11" pin="4"/>
    </net>
    <net code="4" name="Net-(C45-Pad1)">
      <node ref="U10" pin="5"/>
      <node ref="C45" pin="1"/>
    </net>
    <net code="5" name="Net-(SDO2-Pad1)">
      <node ref="U10" pin="7"/>
      <node ref="SDO2" pin="1"/>
    </net>
    <net code="6" name="Net-(C46-Pad1)">
      <node ref="R23" pin="2"/>
      <node ref="C46" pin="1"/>
    </net>
    <net code="7" name="SIN2">
      <node ref="U6" pin="16"/>
      <node ref="C46" pin="2"/>
    </net>
    <net code="8" name="Net-(C47-Pad1)">
      <node ref="U11" pin="3"/>
      <node ref="U11" pin="2"/>
      <node ref="C47" pin="1"/>
    </net>
    <net code="9" name="SPI1MOSI">
      <node ref="U4" pin="37"/>
      <node ref="U5" pin="11"/>
      <node ref="U8" pin="8"/>
      <node ref="U6" pin="11"/>
      <node ref="U7" pin="11"/>
      <node ref="U12" pin="8"/>
      <node ref="TP11" pin="1"/>
      <node ref="U10" pin="8"/>
    </net>
    <net code="10" name="SPI1CLK">
      <node ref="U8" pin="9"/>
      <node ref="U7" pin="12"/>
      <node ref="U6" pin="12"/>
      <node ref="U10" pin="9"/>
      <node ref="TP7" pin="1"/>
      <node ref="U4" pin="30"/>
      <node ref="U12" pin="9"/>
      <node ref="U5" pin="12"/>
    </net>
    <net code="11" name="Net-(R17-Pad1)">
      <node ref="U7" pin="9"/>
      <node ref="R17" pin="1"/>
    </net>
    <net code="12" name="Net-(C40-Pad1)">
      <node ref="U9" pin="3"/>
      <node ref="U9" pin="2"/>
      <node ref="C40" pin="1"/>
    </net>
    <net code="13" name="GND">
      <node ref="C14" pin="2"/>
      <node ref="C15" pin="2"/>
      <node ref="R9" pin="2"/>
      <node ref="U5" pin="15"/>
      <node ref="U5" pin="5"/>
      <node ref="C21" pin="2"/>
      <node ref="C20" pin="2"/>
      <node ref="C19" pin="2"/>
      <node ref="C18" pin="2"/>
      <node ref="C12" pin="2"/>
      <node ref="C13" pin="2"/>
      <node ref="C17" pin="2"/>
      <node ref="C32" pin="2"/>
      <node ref="C33" pin="2"/>
      <node ref="C30" pin="2"/>
      <node ref="R11" pin="2"/>
      <node ref="C35" pin="2"/>
      <node ref="R17" pin="2"/>
      <node ref="X1" pin="2"/>
      <node ref="C31" pin="2"/>
      <node ref="R15" pin="2"/>
      <node ref="R16" pin="2"/>
      <node ref="R18" pin="2"/>
      <node ref="C40" pin="2"/>
      <node ref="C42" pin="2"/>
      <node ref="C41" pin="2"/>
      <node ref="R6" pin="2"/>
      <node ref="C16" pin="2"/>
      <node ref="U4" pin="1"/>
      <node ref="U4" pin="15"/>
      <node ref="U4" pin="15"/>
      <node ref="C1" pin="2"/>
      <node ref="C5" pin="1"/>
      <node ref="J1" pin="5"/>
      <node ref="SW2" pin="2"/>
      <node ref="U4" pin="39"/>
      <node ref="U4" pin="39"/>
      <node ref="U4" pin="38"/>
      <node ref="U4" pin="38"/>
      <node ref="J2" pin="2"/>
      <node ref="C11" pin="2"/>
      <node ref="C10" pin="2"/>
      <node ref="SW1" pin="1"/>
      <node ref="J3" pin="3"/>
      <node ref="R7" pin="2"/>
      <node ref="R14" pin="2"/>
      <node ref="R13" pin="2"/>
      <node ref="R8" pin="2"/>
      <node ref="C27" pin="2"/>
      <node ref="C26" pin="2"/>
      <node ref="C25" pin="2"/>
      <node ref="R12" pin="2"/>
      <node ref="C23" pin="2"/>
      <node ref="C24" pin="2"/>
      <node ref="R10" pin="2"/>
      <node ref="C4" pin="1"/>
      <node ref="U2" pin="9"/>
      <node ref="U2" pin="4"/>
      <node ref="C3" pin="2"/>
      <node ref="R1" pin="2"/>
      <node ref="C2" pin="2"/>
      <node ref="U1" pin="2"/>
      <node ref="C29" pin="2"/>
      <node ref="C8" pin="2"/>
      <node ref="C7" pin="2"/>
      <node ref="C9" pin="2"/>
      <node ref="U3" pin="2"/>
      <node ref="C56" pin="2"/>
      <node ref="U8" pin="6"/>
      <node ref="C55" pin="2"/>
      <node ref="C38" pin="2"/>
      <node ref="U12" pin="6"/>
      <node ref="C36" pin="2"/>
      <node ref="U12" pin="4"/>
      <node ref="U6" pin="15"/>
      <node ref="U6" pin="5"/>
      <node ref="U7" pin="15"/>
      <node ref="U7" pin="5"/>
      <node ref="C37" pin="2"/>
      <node ref="R27" pin="2"/>
      <node ref="C54" pin="2"/>
      <node ref="U8" pin="4"/>
      <node ref="R21" pin="2"/>
      <node ref="R19" pin="2"/>
      <node ref="R25" pin="2"/>
      <node ref="R24" pin="2"/>
      <node ref="R22" pin="2"/>
      <node ref="U13" pin="7"/>
      <node ref="C51" pin="2"/>
      <node ref="C50" pin="2"/>
      <node ref="C52" pin="2"/>
      <node ref="U11" pin="7"/>
      <node ref="U10" pin="4"/>
      <node ref="U10" pin="6"/>
      <node ref="C48" pin="2"/>
      <node ref="C49" pin="2"/>
      <node ref="C47" pin="2"/>
      <node ref="U9" pin="7"/>
      <node ref="C45" pin="2"/>
      <node ref="C43" pin="2"/>
      <node ref="C44" pin="2"/>
    </net>
    <net code="14" name="Net-(MSBOUT3-Pad1)">
      <node ref="MSBOUT3" pin="1"/>
      <node ref="U7" pin="8"/>
    </net>
    <net code="15" name="Net-(C29-Pad1)">
      <node ref="C29" pin="1"/>
      <node ref="U6" pin="4"/>
    </net>
    <net code="16" name="Net-(SYNCOUT2-Pad1)">
      <node ref="SYNCOUT2" pin="1"/>
      <node ref="U6" pin="7"/>
    </net>
    <net code="17" name="Net-(MSBOUT2-Pad1)">
      <node ref="U6" pin="8"/>
      <node ref="MSBOUT2" pin="1"/>
    </net>
    <net code="18" name="Net-(C34-Pad1)">
      <node ref="U7" pin="1"/>
      <node ref="C34" pin="1"/>
    </net>
    <net code="19" name="CTRL3">
      <node ref="U4" pin="14"/>
      <node ref="U7" pin="10"/>
      <node ref="R18" pin="1"/>
      <node ref="TP1" pin="1"/>
    </net>
    <net code="20" name="FSYNC3">
      <node ref="R15" pin="1"/>
      <node ref="U7" pin="13"/>
      <node ref="TP13" pin="1"/>
      <node ref="U4" pin="11"/>
    </net>
    <net code="21" name="Net-(C35-Pad1)">
      <node ref="U7" pin="4"/>
      <node ref="C35" pin="1"/>
    </net>
    <net code="22" name="Net-(SYNCOUT3-Pad1)">
      <node ref="U7" pin="7"/>
      <node ref="SYNCOUT3" pin="1"/>
    </net>
    <net code="23" name="SYNC1">
      <node ref="TP17" pin="1"/>
      <node ref="R19" pin="1"/>
      <node ref="U4" pin="6"/>
      <node ref="U8" pin="10"/>
    </net>
    <net code="24" name="Net-(R20-Pad1)">
      <node ref="R20" pin="1"/>
      <node ref="U9" pin="4"/>
      <node ref="U8" pin="3"/>
    </net>
    <net code="25" name="Net-(C38-Pad1)">
      <node ref="U8" pin="5"/>
      <node ref="C38" pin="1"/>
    </net>
    <net code="26" name="Net-(SDO1-Pad1)">
      <node ref="SDO1" pin="1"/>
      <node ref="U8" pin="7"/>
    </net>
    <net code="27" name="Enable3">
      <node ref="R27" pin="1"/>
      <node ref="U13" pin="1"/>
    </net>
    <net code="28" name="Enable2">
      <node ref="U11" pin="1"/>
      <node ref="R24" pin="1"/>
    </net>
    <net code="29" name="SYNC2">
      <node ref="U10" pin="10"/>
      <node ref="TP18" pin="1"/>
      <node ref="U4" pin="7"/>
      <node ref="R22" pin="1"/>
    </net>
    <net code="30" name="Net-(SYNCOUT1-Pad1)">
      <node ref="SYNCOUT1" pin="1"/>
      <node ref="U5" pin="7"/>
    </net>
    <net code="31" name="Net-(MSBOUT1-Pad1)">
      <node ref="MSBOUT1" pin="1"/>
      <node ref="U5" pin="8"/>
    </net>
    <net code="32" name="Net-(SDO3-Pad1)">
      <node ref="SDO3" pin="1"/>
      <node ref="U12" pin="7"/>
    </net>
    <net code="33" name="Net-(J4-Pad1)">
      <node ref="J4" pin="1"/>
      <node ref="U9" pin="8"/>
    </net>
    <net code="34" name="Net-(J4-Pad2)">
      <node ref="J4" pin="2"/>
      <node ref="U8" pin="2"/>
      <node ref="U9" pin="5"/>
    </net>
    <net code="35" name="Net-(J5-Pad1)">
      <node ref="J5" pin="1"/>
      <node ref="U11" pin="8"/>
    </net>
    <net code="36" name="Net-(J6-Pad1)">
      <node ref="U13" pin="8"/>
      <node ref="J6" pin="1"/>
    </net>
    <net code="37" name="Enable1">
      <node ref="U9" pin="1"/>
      <node ref="R21" pin="1"/>
    </net>
    <net code="38" name="Net-(J6-Pad2)">
      <node ref="U12" pin="2"/>
      <node ref="U13" pin="5"/>
      <node ref="J6" pin="2"/>
    </net>
    <net code="39" name="Net-(C53-Pad1)">
      <node ref="R26" pin="2"/>
      <node ref="C53" pin="1"/>
    </net>
    <net code="40" name="SYNC3">
      <node ref="U4" pin="8"/>
      <node ref="TP15" pin="1"/>
      <node ref="U12" pin="10"/>
      <node ref="R25" pin="1"/>
    </net>
    <net code="41" name="Net-(C52-Pad1)">
      <node ref="U12" pin="5"/>
      <node ref="C52" pin="1"/>
    </net>
    <net code="42" name="Net-(C54-Pad1)">
      <node ref="U13" pin="3"/>
      <node ref="C54" pin="1"/>
      <node ref="U13" pin="2"/>
    </net>
    <net code="43" name="SIN3">
      <node ref="C53" pin="2"/>
      <node ref="U7" pin="16"/>
    </net>
    <net code="44" name="Net-(R26-Pad1)">
      <node ref="R26" pin="1"/>
      <node ref="U12" pin="3"/>
      <node ref="U13" pin="4"/>
    </net>
    <net code="45" name="AVDD">
      <node ref="C34" pin="2"/>
      <node ref="R5" pin="1"/>
      <node ref="U5" pin="2"/>
      <node ref="U6" pin="2"/>
      <node ref="C22" pin="2"/>
      <node ref="C28" pin="2"/>
      <node ref="C15" pin="1"/>
      <node ref="U7" pin="2"/>
      <node ref="C31" pin="1"/>
      <node ref="C19" pin="1"/>
      <node ref="C18" pin="1"/>
      <node ref="C30" pin="1"/>
      <node ref="C25" pin="1"/>
      <node ref="C24" pin="1"/>
      <node ref="C14" pin="1"/>
    </net>
    <net code="46" name="STANDBY3">
      <node ref="U7" pin="14"/>
      <node ref="R16" pin="1"/>
      <node ref="U4" pin="16"/>
      <node ref="TP2" pin="1"/>
    </net>
    <net code="47" name="FSYNC2">
      <node ref="TP12" pin="1"/>
      <node ref="U6" pin="13"/>
      <node ref="R11" pin="1"/>
      <node ref="U4" pin="10"/>
    </net>
    <net code="48" name="DVDD">
      <node ref="C4" pin="2"/>
      <node ref="C32" pin="1"/>
      <node ref="U4" pin="2"/>
      <node ref="R4" pin="1"/>
      <node ref="C51" pin="1"/>
      <node ref="U2" pin="1"/>
      <node ref="C33" pin="1"/>
      <node ref="C10" pin="1"/>
      <node ref="U10" pin="1"/>
      <node ref="C50" pin="1"/>
      <node ref="C43" pin="1"/>
      <node ref="U6" pin="3"/>
      <node ref="C44" pin="1"/>
      <node ref="U8" pin="1"/>
      <node ref="C37" pin="1"/>
      <node ref="C16" pin="1"/>
      <node ref="U7" pin="3"/>
      <node ref="C11" pin="1"/>
      <node ref="C17" pin="1"/>
      <node ref="C21" pin="1"/>
      <node ref="C27" pin="1"/>
      <node ref="X1" pin="4"/>
      <node ref="X1" pin="1"/>
      <node ref="C20" pin="1"/>
      <node ref="C13" pin="1"/>
      <node ref="C26" pin="1"/>
      <node ref="U12" pin="1"/>
      <node ref="FB1" pin="2"/>
      <node ref="C36" pin="1"/>
      <node ref="C12" pin="1"/>
      <node ref="U5" pin="3"/>
    </net>
    <net code="49" name="SIN1">
      <node ref="C39" pin="2"/>
      <node ref="U5" pin="16"/>
    </net>
    <net code="50" name="Net-(FB1-Pad1)">
      <node ref="R5" pin="2"/>
      <node ref="FB1" pin="1"/>
    </net>
    <net code="51" name="Net-(R6-Pad1)">
      <node ref="U5" pin="6"/>
      <node ref="U7" pin="6"/>
      <node ref="U6" pin="6"/>
      <node ref="X1" pin="3"/>
      <node ref="R6" pin="1"/>
    </net>
    <net code="52" name="Net-(C22-Pad1)">
      <node ref="U5" pin="1"/>
      <node ref="C22" pin="1"/>
    </net>
    <net code="53" name="Net-(R9-Pad1)">
      <node ref="U5" pin="9"/>
      <node ref="R9" pin="1"/>
    </net>
    <net code="54" name="CTRL1">
      <node ref="TP4" pin="1"/>
      <node ref="R10" pin="1"/>
      <node ref="U5" pin="10"/>
      <node ref="U4" pin="23"/>
    </net>
    <net code="56" name="Net-(C23-Pad1)">
      <node ref="C23" pin="1"/>
      <node ref="U5" pin="4"/>
    </net>
    <net code="57" name="Net-(C39-Pad1)">
      <node ref="R20" pin="2"/>
      <node ref="C39" pin="1"/>
    </net>
    <net code="58" name="FSYNC1">
      <node ref="TP16" pin="1"/>
      <node ref="R7" pin="1"/>
      <node ref="U5" pin="13"/>
      <node ref="U4" pin="9"/>
    </net>
    <net code="59" name="STANDBY1">
      <node ref="U4" pin="27"/>
      <node ref="U5" pin="14"/>
      <node ref="TP5" pin="1"/>
      <node ref="R8" pin="1"/>
    </net>
    <net code="60" name="Net-(C28-Pad1)">
      <node ref="U6" pin="1"/>
      <node ref="C28" pin="1"/>
    </net>
    <net code="61" name="CTRL2">
      <node ref="R14" pin="1"/>
      <node ref="TP3" pin="1"/>
      <node ref="U6" pin="10"/>
      <node ref="U4" pin="13"/>
    </net>
    <net code="62" name="STANDBY2">
      <node ref="TP6" pin="1"/>
      <node ref="U6" pin="14"/>
      <node ref="R12" pin="1"/>
      <node ref="U4" pin="28"/>
    </net>
    <net code="63" name="Net-(R13-Pad1)">
      <node ref="R13" pin="1"/>
      <node ref="U6" pin="9"/>
    </net>
    <net code="64" name="Net-(C6-Pad1)">
      <node ref="C6" pin="1"/>
      <node ref="R3" pin="1"/>
    </net>
    <net code="65" name="Net-(L1-Pad2)">
      <node ref="L1" pin="2"/>
      <node ref="U3" pin="1"/>
    </net>
    <net code="66" name="Net-(C3-Pad1)">
      <node ref="C3" pin="1"/>
      <node ref="L1" pin="1"/>
      <node ref="D2" pin="1"/>
      <node ref="U2" pin="8"/>
      <node ref="U2" pin="5"/>
      <node ref="D1" pin="1"/>
    </net>
    <net code="67" name="Net-(U3-Pad5)">
      <node ref="U3" pin="5"/>
    </net>
    <net code="68" name="Net-(U3-Pad3)">
      <node ref="U3" pin="3"/>
    </net>
    <net code="69" name="Net-(C2-Pad1)">
      <node ref="D2" pin="2"/>
      <node ref="J2" pin="1"/>
      <node ref="U1" pin="3"/>
      <node ref="C2" pin="1"/>
    </net>
    <net code="70" name="Vusb">
      <node ref="U1" pin="4"/>
      <node ref="D1" pin="2"/>
      <node ref="J1" pin="1"/>
      <node ref="RLED1" pin="2"/>
      <node ref="C1" pin="1"/>
    </net>
    <net code="71" name="Net-(R2-Pad1)">
      <node ref="R2" pin="1"/>
      <node ref="RLED1" pin="1"/>
    </net>
    <net code="72" name="ENABLE2">
      <node ref="TP10" pin="1"/>
      <node ref="U4" pin="36"/>
    </net>
    <net code="73" name="Net-(U2-Pad7)">
      <node ref="U2" pin="7"/>
    </net>
    <net code="74" name="Net-(U2-Pad6)">
      <node ref="U2" pin="6"/>
    </net>
    <net code="75" name="Net-(C5-Pad2)">
      <node ref="U2" pin="3"/>
      <node ref="C5" pin="2"/>
    </net>
    <net code="76" name="Net-(U2-Pad2)">
      <node ref="U2" pin="2"/>
    </net>
    <net code="77" name="Net-(D3-Pad2)">
      <node ref="R3" pin="2"/>
      <node ref="D3" pin="2"/>
    </net>
    <net code="78" name="Net-(R1-Pad1)">
      <node ref="R1" pin="1"/>
      <node ref="U1" pin="5"/>
    </net>
    <net code="79" name="Net-(R2-Pad2)">
      <node ref="R2" pin="2"/>
      <node ref="U1" pin="1"/>
    </net>
    <net code="80" name="ENABLE3">
      <node ref="TP14" pin="1"/>
      <node ref="U4" pin="12"/>
    </net>
    <net code="81" name="Net-(R4-Pad2)">
      <node ref="R4" pin="2"/>
      <node ref="U4" pin="3"/>
      <node ref="SW1" pin="2"/>
    </net>
    <net code="82" name="ENABLE1">
      <node ref="TP9" pin="1"/>
      <node ref="U4" pin="33"/>
    </net>
    <net code="83" name="Net-(U4-Pad32)">
      <node ref="U4" pin="32"/>
    </net>
    <net code="84" name="Net-(U4-Pad32)">
      <node ref="U4" pin="32"/>
    </net>
    <net code="85" name="Net-(MISO1-Pad1)">
      <node ref="TP8" pin="1"/>
      <node ref="U4" pin="31"/>
      <node ref="MISO1" pin="1"/>
    </net>
    <net code="86" name="Net-(IO5-Pad1)">
      <node ref="IO5" pin="1"/>
      <node ref="U4" pin="29"/>
    </net>
    <net code="87" name="Net-(IO4-Pad1)">
      <node ref="IO4" pin="1"/>
      <node ref="U4" pin="26"/>
    </net>
    <net code="88" name="Net-(IO2-Pad1)">
      <node ref="IO2" pin="1"/>
      <node ref="U4" pin="24"/>
    </net>
    <net code="89" name="Net-(SDI1-Pad1)">
      <node ref="SDI1" pin="1"/>
      <node ref="U4" pin="22"/>
    </net>
    <net code="90" name="Net-(SDO4-Pad1)">
      <node ref="SDO4" pin="1"/>
      <node ref="U4" pin="21"/>
    </net>
    <net code="91" name="Net-(SCK1-Pad1)">
      <node ref="SCK1" pin="1"/>
      <node ref="U4" pin="20"/>
    </net>
    <net code="92" name="Net-(SCS1-Pad1)">
      <node ref="SCS1" pin="1"/>
      <node ref="U4" pin="19"/>
    </net>
    <net code="93" name="Net-(SWP1-Pad1)">
      <node ref="U4" pin="18"/>
      <node ref="SWP1" pin="1"/>
    </net>
    <net code="94" name="Net-(SHD1-Pad1)">
      <node ref="U4" pin="17"/>
      <node ref="SHD1" pin="1"/>
    </net>
    <net code="95" name="Net-(J3-Pad1)">
      <node ref="J3" pin="1"/>
      <node ref="U4" pin="35"/>
    </net>
    <net code="96" name="Net-(J3-Pad2)">
      <node ref="J3" pin="2"/>
      <node ref="U4" pin="34"/>
    </net>
    <net code="97" name="Net-(SENSOR_VN1-Pad1)">
      <node ref="U4" pin="5"/>
      <node ref="SENSOR_VN1" pin="1"/>
    </net>
    <net code="98" name="Net-(SENSOR_VP1-Pad1)">
      <node ref="SENSOR_VP1" pin="1"/>
      <node ref="U4" pin="4"/>
    </net>
    <net code="99" name="Net-(J1-Pad4)">
      <node ref="J1" pin="4"/>
    </net>
    <net code="100" name="Net-(SW2-Pad1)">
      <node ref="SW2" pin="1"/>
      <node ref="U4" pin="25"/>
    </net>
    <net code="101" name="Net-(J1-Pad2)">
      <node ref="J1" pin="2"/>
    </net>
    <net code="102" name="Net-(J1-Pad3)">
      <node ref="J1" pin="3"/>
    </net>
  </nets>
</export>
